-- phpMyAdmin SQL Dump
-- version 4.5.2
-- http://www.phpmyadmin.net
--
-- Host: 127.0.0.1
-- Generation Time: Nov 26, 2016 at 02:49 PM
-- Server version: 5.7.9
-- PHP Version: 5.6.16

SET SQL_MODE = "NO_AUTO_VALUE_ON_ZERO";
SET time_zone = "+00:00";


/*!40101 SET @OLD_CHARACTER_SET_CLIENT=@@CHARACTER_SET_CLIENT */;
/*!40101 SET @OLD_CHARACTER_SET_RESULTS=@@CHARACTER_SET_RESULTS */;
/*!40101 SET @OLD_COLLATION_CONNECTION=@@COLLATION_CONNECTION */;
/*!40101 SET NAMES utf8mb4 */;

--
-- Database: `userpanel`
--

-- --------------------------------------------------------

--
-- Table structure for table `sessions`
--

DROP TABLE IF EXISTS `sessions`;
CREATE TABLE IF NOT EXISTS `sessions` (
  `user_id` bigint(20) NOT NULL DEFAULT '0',
  `user_agent` text COLLATE utf8mb4_unicode_520_ci NOT NULL,
  `first_activity` int(10) UNSIGNED NOT NULL DEFAULT '0',
  `id` varchar(128) COLLATE utf8mb4_unicode_520_ci NOT NULL,
  `ip_address` varchar(45) COLLATE utf8mb4_unicode_520_ci NOT NULL,
  `timestamp` int(10) UNSIGNED NOT NULL DEFAULT '0',
  `data` blob NOT NULL,
  PRIMARY KEY (`id`),
  KEY `sessions_timestamp` (`timestamp`)
) ENGINE=MyISAM DEFAULT CHARSET=utf8mb4 COLLATE=utf8mb4_unicode_520_ci;

-- --------------------------------------------------------

--
-- Table structure for table `settings`
--

DROP TABLE IF EXISTS `settings`;
CREATE TABLE IF NOT EXISTS `settings` (
  `id` bigint(20) UNSIGNED NOT NULL AUTO_INCREMENT,
  `setting_key` varchar(195) COLLATE utf8mb4_unicode_520_ci NOT NULL,
  `setting_value` longtext COLLATE utf8mb4_unicode_520_ci NOT NULL,
  PRIMARY KEY (`id`)
) ENGINE=MyISAM AUTO_INCREMENT=14 DEFAULT CHARSET=utf8mb4 COLLATE=utf8mb4_unicode_520_ci;

--
-- Dumping data for table `settings`
--

INSERT INTO `settings` (`id`, `setting_key`, `setting_value`) VALUES
(1, 'app_name', '💰 Blueshield 😎 🍉 🎉 💋'),
(2, 'app_email', 'noreply@scriptseries.com'),
(3, 'user_registration', '1'),
(4, 'tos_agreement', '1'),
(5, 'user_registration_email_confirmation', '1'),
(6, 'forced_user_registration_email_confirmation', '0'),
(7, 'signin_remember_me', '1'),
(8, 'password_reset', '1'),
(9, 'password_reset_token_lifespan_in_minutes', '60'),
(10, 'remember_me_cookie_lifespan_in_days', '30'),
(11, 'recaptcha', '0'),
(12, 'signin_remember_me_default_state', '1'),
(13, 'confirm_new_password_field', '1');

-- --------------------------------------------------------

--
-- Table structure for table `usermeta`
--

DROP TABLE IF EXISTS `usermeta`;
CREATE TABLE IF NOT EXISTS `usermeta` (
  `id` bigint(20) UNSIGNED NOT NULL AUTO_INCREMENT,
  `user_id` bigint(20) UNSIGNED NOT NULL,
  `usermeta_key` varchar(255) COLLATE utf8mb4_unicode_520_ci DEFAULT NULL,
  `usermeta_value` longtext COLLATE utf8mb4_unicode_520_ci,
  PRIMARY KEY (`id`)
) ENGINE=MyISAM AUTO_INCREMENT=555 DEFAULT CHARSET=utf8mb4 COLLATE=utf8mb4_unicode_520_ci;

--
-- Dumping data for table `usermeta`
--

INSERT INTO `usermeta` (`id`, `user_id`, `usermeta_key`, `usermeta_value`) VALUES
(1, 115, 'user_role', 'administrator'),
(9, 116, 'user_role', 'user'),
(17, 117, 'user_role', 'user'),
(22, 118, 'user_role', 'user'),
(25, 119, 'user_role', 'user'),
(28, 120, 'user_role', 'user'),
(31, 121, 'user_role', 'user'),
(34, 122, 'user_role', 'user'),
(37, 123, 'user_role', 'user'),
(40, 124, 'user_role', 'user'),
(43, 125, 'user_role', 'user'),
(46, 126, 'user_role', 'user'),
(49, 127, 'user_role', 'user'),
(52, 128, 'user_role', 'user'),
(55, 129, 'user_role', 'user'),
(57, 130, 'user_role', 'user'),
(62, 131, 'user_role', 'user'),
(65, 132, 'user_role', 'user'),
(68, 133, 'user_role', 'user'),
(71, 134, 'user_role', 'user'),
(74, 135, 'user_role', 'user'),
(83, 136, 'user_role', 'user'),
(88, 137, 'user_role', 'user'),
(91, 138, 'user_role', 'user'),
(94, 139, 'user_role', 'administrator'),
(101, 140, 'user_role', 'user'),
(104, 141, 'user_role', 'user'),
(108, 142, 'user_role', 'user'),
(112, 143, 'user_role', 'user'),
(115, 144, 'user_role', 'user'),
(118, 145, 'user_role', 'user'),
(123, 146, 'user_role', 'user'),
(131, 147, 'user_role', 'user'),
(173, 148, 'user_role', 'administrator'),
(174, 149, 'user_role', 'user'),
(185, 150, 'user_role', 'user'),
(203, 151, 'user_role', 'user'),
(206, 152, 'user_role', 'user'),
(209, 153, 'user_role', 'user'),
(212, 154, 'user_role', 'user'),
(489, 115, 'remember_me_token', 'a:6:{s:5:"token";s:260:"ScxQNFSEBLsofXxxdoS640npMxJyw6qFGKerPgInUbyvDKa422FkfomHa77Jjbrh26L1wBBoY1Mo9VpXqWNnVZ1UzG7fuBqRglOPK1WNZ9K8kJmimkXehdkdGcyVPF8tunYHDWdabtjECLgldW5qchjD8EA98JgibeQhiTYuqs5jINXTevZwNPXtzA30Az190M0yaMLZtz3653tPfrlx2aDJV4A3cQvShSYs4IC9CzlUipCuLKGRleOruv3OW8wsYUiE";s:11:"session_ids";a:4:{i:0;s:32:"5g6s0u2sovni1mup7hjufcn3bed3drkb";i:1;s:32:"mkj0n2lnou9i9cd6dbesfralt6jqejcg";i:2;s:32:"h3m2s1r4ccn01ltheq3f6ingd08gj9ea";i:3;s:32:"j60mvsvrcu7sut0al60upsatf6pdr53h";}s:16:"signin_timestamp";i:1479522036;s:20:"expiration_timestamp";i:1482114036;s:10:"ip_address";s:3:"::1";s:10:"user_agent";s:114:"Mozilla/5.0 (Windows NT 10.0; Win64; x64) AppleWebKit/537.36 (KHTML, like Gecko) Chrome/54.0.2840.99 Safari/537.36";}'),
(250, 155, 'user_role', 'user'),
(274, 156, 'user_role', 'user'),
(289, 157, 'user_role', 'user'),
(434, 158, 'user_role', 'user'),
(318, 1, 'user_role', 'user'),
(319, 2, 'user_role', 'user'),
(320, 3, 'user_role', 'user'),
(321, 4, 'user_role', 'user'),
(322, 5, 'user_role', 'user'),
(323, 6, 'user_role', 'user'),
(324, 7, 'user_role', 'user'),
(325, 8, 'user_role', 'user'),
(326, 9, 'user_role', 'user'),
(327, 10, 'user_role', 'user'),
(328, 11, 'user_role', 'user'),
(329, 12, 'user_role', 'user'),
(330, 13, 'user_role', 'user'),
(331, 14, 'user_role', 'user'),
(332, 15, 'user_role', 'user'),
(333, 16, 'user_role', 'user'),
(334, 17, 'user_role', 'user'),
(335, 18, 'user_role', 'user'),
(336, 19, 'user_role', 'user'),
(337, 20, 'user_role', 'user'),
(338, 21, 'user_role', 'user'),
(339, 22, 'user_role', 'user'),
(340, 23, 'user_role', 'user'),
(341, 24, 'user_role', 'user'),
(342, 25, 'user_role', 'user'),
(343, 26, 'user_role', 'user'),
(344, 27, 'user_role', 'user'),
(345, 28, 'user_role', 'user'),
(346, 29, 'user_role', 'user'),
(347, 30, 'user_role', 'user'),
(348, 31, 'user_role', 'user'),
(349, 32, 'user_role', 'user'),
(350, 33, 'user_role', 'user'),
(351, 34, 'user_role', 'user'),
(352, 35, 'user_role', 'user'),
(353, 36, 'user_role', 'user'),
(354, 37, 'user_role', 'user'),
(355, 38, 'user_role', 'user'),
(356, 39, 'user_role', 'user'),
(357, 40, 'user_role', 'user'),
(358, 41, 'user_role', 'user'),
(359, 42, 'user_role', 'user'),
(360, 43, 'user_role', 'user'),
(361, 44, 'user_role', 'user'),
(362, 45, 'user_role', 'user'),
(363, 46, 'user_role', 'user'),
(364, 47, 'user_role', 'user'),
(365, 48, 'user_role', 'user'),
(366, 49, 'user_role', 'user'),
(367, 50, 'user_role', 'user'),
(368, 51, 'user_role', 'user'),
(369, 52, 'user_role', 'user'),
(370, 53, 'user_role', 'user'),
(371, 54, 'user_role', 'user'),
(372, 55, 'user_role', 'user'),
(373, 56, 'user_role', 'user'),
(374, 57, 'user_role', 'user'),
(375, 58, 'user_role', 'user'),
(376, 59, 'user_role', 'user'),
(377, 60, 'user_role', 'user'),
(378, 61, 'user_role', 'user'),
(379, 62, 'user_role', 'user'),
(381, 64, 'user_role', 'user'),
(382, 65, 'user_role', 'user'),
(383, 66, 'user_role', 'user'),
(384, 67, 'user_role', 'user'),
(385, 68, 'user_role', 'user'),
(386, 69, 'user_role', 'user'),
(387, 70, 'user_role', 'user'),
(388, 71, 'user_role', 'user'),
(389, 72, 'user_role', 'user'),
(390, 73, 'user_role', 'user'),
(391, 74, 'user_role', 'user'),
(392, 75, 'user_role', 'user'),
(393, 76, 'user_role', 'user'),
(394, 77, 'user_role', 'user'),
(395, 78, 'user_role', 'user'),
(396, 79, 'user_role', 'user'),
(397, 80, 'user_role', 'user'),
(398, 81, 'user_role', 'user'),
(399, 82, 'user_role', 'user'),
(400, 83, 'user_role', 'user'),
(401, 84, 'user_role', 'user'),
(402, 85, 'user_role', 'user'),
(403, 86, 'user_role', 'user'),
(404, 87, 'user_role', 'user'),
(405, 88, 'user_role', 'user'),
(406, 89, 'user_role', 'user'),
(407, 90, 'user_role', 'user'),
(408, 91, 'user_role', 'user'),
(409, 92, 'user_role', 'user'),
(410, 93, 'user_role', 'user'),
(411, 94, 'user_role', 'user'),
(412, 95, 'user_role', 'user'),
(413, 96, 'user_role', 'user'),
(414, 97, 'user_role', 'user'),
(415, 98, 'user_role', 'user'),
(416, 99, 'user_role', 'user'),
(417, 100, 'user_role', 'user'),
(418, 101, 'user_role', 'user'),
(419, 102, 'user_role', 'user'),
(420, 103, 'user_role', 'user'),
(421, 104, 'user_role', 'user'),
(422, 105, 'user_role', 'user'),
(423, 106, 'user_role', 'user'),
(424, 107, 'user_role', 'user'),
(425, 108, 'user_role', 'user'),
(426, 109, 'user_role', 'user'),
(427, 110, 'user_role', 'user'),
(428, 111, 'user_role', 'user'),
(429, 112, 'user_role', 'user'),
(430, 113, 'user_role', 'user'),
(431, 114, 'user_role', 'user'),
(433, 63, 'user_role', 'user'),
(491, 115, 'remember_me_token', 'a:6:{s:5:"token";s:260:"VwylaZ1l3RpD7tD1QA6tvbCKOxGNzEvoTcY6BgRHkgrecBSXerb1aGXNREF3h47ogkPpeKIEibrvXUnyCwUDPWVQWjuYWl9LTLNai3dVEGRSlsfghnFbHQsAVCTjwdKeOWU49n0BZz0sJFxTz2vvi5wx5uxbIYMD8AOYiZE8gjXc8Iw3Mon9IR4dOnU5QINFFpGaXJmoapstLM8LuJOeGjh75YyCj7f0PJq5yPDuA6UtZ2mVc79M2f9m6MW62HN2pcli";s:11:"session_ids";a:3:{i:0;s:32:"dpatsh62dfun9gudeu0sjo8oap0c9pjj";i:1;s:32:"vhnnj297gmq2v7rkoi9r1rn5nn13spl1";i:2;s:32:"v1j2gum8lrbc7hnt7j0dak5t01cu45e3";}s:16:"signin_timestamp";i:1480043843;s:20:"expiration_timestamp";i:1482635843;s:10:"ip_address";s:3:"::1";s:10:"user_agent";s:114:"Mozilla/5.0 (Windows NT 10.0; Win64; x64) AppleWebKit/537.36 (KHTML, like Gecko) Chrome/54.0.2840.99 Safari/537.36";}'),
(492, 63, 'remember_me_token', 'a:6:{s:5:"token";s:260:"dfB9pVaSZA3YZMqxC9yxYhLAo1vuRdmIfrXaDgGjCERoMPQe5TUEQB6PGSmTsr42rIvHhM7xi0CHFIg3XSWsExzzKd8yq1TJM8eAWlaqCST9cDrVuPvcpOVOl92tuW6ay6Z3URDGR5etiIIFQoS2HXHdJgBtu6ysjkimkTnKnOzgFEPnhADU3Fwh0VXBb6l9GwkvJpmLBOfobFww7M5is32cnrJOYKU7N7E4LfjxzqJNNbbcX81ikveLp8jKbc1jefqw";s:11:"session_ids";a:1:{i:0;s:32:"vhnnj297gmq2v7rkoi9r1rn5nn13spl1";}s:16:"signin_timestamp";i:1479529334;s:20:"expiration_timestamp";i:1482121334;s:10:"ip_address";s:3:"::1";s:10:"user_agent";s:78:"Mozilla/5.0 (Windows NT 10.0; Win64; x64; rv:50.0) Gecko/20100101 Firefox/50.0";}'),
(493, 159, 'user_role', 'user'),
(494, 159, 'remember_me_token', 'a:5:{s:5:"token";s:260:"0SjdHsAYyWIaApXA8KcGKea99xtQ1uajf3J7VjNOiznQ7ihz6SjTTFfZnR3UcTsJ8vVcGHtDwMHZyfoU1zb5K3LPX6VlwP658hQ1UBCXpaQzoGS3erliZ4vhInmm82WVK3huqF9TdWRoOFvC0SDBx4dkgGLF4AQyHwqteR54EyfM71LbbnbJSgwMUCn0lmOlvvNeiPcrtNg2Dk5oWV9fUuIrmPENBtGP77z6iYxR6ZExhbDoJ4mgkkq2TxMlIjCKseW0";s:16:"signin_timestamp";i:1479530886;s:20:"expiration_timestamp";i:1482122886;s:10:"ip_address";s:3:"::1";s:10:"user_agent";s:78:"Mozilla/5.0 (Windows NT 10.0; Win64; x64; rv:50.0) Gecko/20100101 Firefox/50.0";}'),
(495, 159, 'email_confirmation_token', '2pb75IdQFcoXPzL49MalDJAgUtyG6BHmxwO03SqVCfeTkZRW1Eijv8snurNY'),
(496, 160, 'user_role', 'user'),
(497, 160, 'remember_me_token', 'a:5:{s:5:"token";s:260:"IjLWDdGBQwXZlPWOk65BfzgbmPDkBwH7zfIOyUMAT8ubPvW3IM1FCoSOaHGAL2lGJDEX9xzoNeyW93x3aGkeixqQHEU5rYKTLC4hmthrtUlQTvmE8XeRgBRJVZcngfDW6SDhxbdiQdCzmhnjbrbKCT7uK7HFVt9sKCe4F8q2s859Evp31asMkcYOxpMkA6eSMUXuRYQ1q76V2sUjcpijNIf10cnFmOpnitfNJZp0YGPuaNyzdoRoc9L52TElV4SZ0riw";s:16:"signin_timestamp";i:1479531281;s:20:"expiration_timestamp";i:1482123281;s:10:"ip_address";s:3:"::1";s:10:"user_agent";s:78:"Mozilla/5.0 (Windows NT 10.0; Win64; x64; rv:50.0) Gecko/20100101 Firefox/50.0";}'),
(498, 161, 'user_role', 'user'),
(499, 161, 'remember_me_token', 'a:5:{s:5:"token";s:260:"1AMVnHajORErzrkhmXfM3x6YtW3oON47MvBixkR5RQSEvwRmIHp8jCPeH5V9m6vlbftpY7dFgxqaNscBxLcSFy042ADqOdGbntiueSAX89rWaE2BHKo09dj4hPqJKTHWt5a0MO70IT82evbEQkUtEIz2D8iIIocKhdL337glTOV27VK4nFu6UrYZ5pffFzGmSGGwXPGcLjVCJXML94s91Zn1wNhTrgJDblnpyZQo6wlkzumQiCYAfDCaBZuqxoJhcpBe";s:16:"signin_timestamp";i:1479531363;s:20:"expiration_timestamp";i:1482123363;s:10:"ip_address";s:3:"::1";s:10:"user_agent";s:78:"Mozilla/5.0 (Windows NT 10.0; Win64; x64; rv:50.0) Gecko/20100101 Firefox/50.0";}'),
(500, 161, 'email_confirmation_token', 'sGWCZIfurojb1d3iY5D0QwBK9JknAVFhy7pmMzLqNO4XxSc8UE6aHevgRl2t'),
(502, 162, 'user_role', 'user'),
(505, 115, 'remember_me_token', 'a:6:{s:5:"token";s:260:"kZYZijw9FAHK5SYfHvYgqAcDt2EuXBtR658sKWhneXhHkrN7aEaCpQtAuIv2C1q91DxpP20gVw8Xy2izDcvDeVekv4IWRfBkde6FnRDlmBJTSoREJ6dYjL0x0B2CjWsHTm8mUUWy6Zngnfl3GoSRoXbEMKPqmQUMxNJ0gAIyp3aOMwhVT1SJgouiznyLl81ra5ruGFwIlOqMdYz9xq3iK7SZ6Fbhphb4WVNAbNCyZ1U3Qi74Voapc9PjGPLOubz7cLT7";s:11:"session_ids";a:1:{i:0;s:32:"j60mvsvrcu7sut0al60upsatf6pdr53h";}s:16:"signin_timestamp";i:1479538961;s:20:"expiration_timestamp";i:1482130961;s:10:"ip_address";s:3:"::1";s:10:"user_agent";s:114:"Mozilla/5.0 (Windows NT 10.0; Win64; x64) AppleWebKit/537.36 (KHTML, like Gecko) Chrome/54.0.2840.99 Safari/537.36";}'),
(504, 162, 'email_confirmation_token', 'dBVsHJwQuPyD3ZoL9Mm5SrTGY0XfKRxtapqgWj4c1bh7niv8eEUOzNCFlA26'),
(507, 115, 'remember_me_token', 'a:6:{s:5:"token";s:260:"CcZuRFqfh6dJdeYvKtB8Zow5f0N3Y8vWoKVomTPgmqXN3GnWwC9RgXJnOVUu7RInJJCcDcGTKbdBvNtxvDqVD2P2u8946ZTFIXj4axGw1aAXVAHEr0PAfPbHLQC7NyGFIZstgUlk1jdSaoskL86PYakEf4r9qzptlRLO2WjeHm240HpQqkF7u79vXrpudbx1slWy6xNH5LiSOUeC5jgBV9U1cmpzRi5E3swyp3DESFzhiQyhrexYMh0DLlJzb4bwAmTS";s:11:"session_ids";a:2:{i:0;s:32:"gsk6gskg18sans5p82j8fdol7k49cnl5";i:1;s:32:"gsk6gskg18sans5p82j8fdol7k49cnl5";}s:16:"signin_timestamp";i:1479556809;s:20:"expiration_timestamp";i:1482148809;s:10:"ip_address";s:3:"::1";s:10:"user_agent";s:78:"Mozilla/5.0 (Windows NT 10.0; Win64; x64; rv:50.0) Gecko/20100101 Firefox/50.0";}'),
(508, 115, 'remember_me_token', 'a:6:{s:5:"token";s:260:"clzXSCzXkPLZUIZfSgEkpV3tG0ZAexjdYVnKlN3rnPofK7mGk2lxiFJjUb78bqTB20mWQrjjpG3k1auEcWOo96atraeR3mSuovpnXF8LlRY38TI9lLxIYzE8MTDiIVL7hHgpCWsqiSFytH5ZDHHOMGvhjPK46OdzWJDVdf2MeRtBwqOzdbwNhfXB0AwURrI7i1uqo4xyaynfAQCvgdUWT975R4crY5wVn9EiA4Jmm6T98CcJBh5BgF1xZ1PQysqwuave";s:11:"session_ids";a:1:{i:0;s:32:"md5paad4tblq0nli0i18p36d1vc999uq";}s:16:"signin_timestamp";i:1479553178;s:20:"expiration_timestamp";i:1482145178;s:10:"ip_address";s:3:"::1";s:10:"user_agent";s:114:"Mozilla/5.0 (Windows NT 10.0; Win64; x64) AppleWebKit/537.36 (KHTML, like Gecko) Chrome/54.0.2840.99 Safari/537.36";}'),
(509, 115, 'remember_me_token', 'a:6:{s:5:"token";s:260:"PwTnwrXyG4HAStDsFfhKHMSxjMzJu9iS6lCvty2Bwhzpok7Zdn64Hhck7Wg2CLWeKkTA3A8pZWb7IP3Udo0agKCPliO5uJZU0HB2QXirVYTK9NNmcjpXVTxybQV6wTtE5ZIxRFvMDyovoFOm9EMEtRbCZ3aDAAMj1mpsdBr62vGnfV4oe8BctWIeixRuHa5Yf5m9zJVUrEdGkLad8iYaL18NII3QglesGGuJyRqubjUOf1R5Ur2cPQOEqj814kC0XmFe";s:11:"session_ids";a:1:{i:0;s:32:"md5paad4tblq0nli0i18p36d1vc999uq";}s:16:"signin_timestamp";i:1479559157;s:20:"expiration_timestamp";i:1482151157;s:10:"ip_address";s:3:"::1";s:10:"user_agent";s:114:"Mozilla/5.0 (Windows NT 10.0; Win64; x64) AppleWebKit/537.36 (KHTML, like Gecko) Chrome/54.0.2840.99 Safari/537.36";}'),
(510, 115, 'remember_me_token', 'a:6:{s:5:"token";s:260:"ZUZ4aY8lVSQrPGAazXpkEP3Nx2cTHo6OWyREecBFwDl3UWhEkOD3vebtCvBo48J1TJi6tmdnBSIrvg0BFAbdrbEKKuniMXj8vNmOeFKZyRVq4smc7rRO5zxbl8gsQW68bzDoINY5Qw1foxdPCaze61Ffyp19UGYV1wL9sDHn7JyLjvqR6kKhqTaZGIgHwDt4QMXpPf4Alim2ILQWt0rgfw07CMuUYu2E9yUhTTSVq3aSNu2dLJ9ZtHhsXBipqzgHuGKL";s:11:"session_ids";a:1:{i:0;s:32:"gsk6gskg18sans5p82j8fdol7k49cnl5";}s:16:"signin_timestamp";i:1479560896;s:20:"expiration_timestamp";i:1482152896;s:10:"ip_address";s:3:"::1";s:10:"user_agent";s:78:"Mozilla/5.0 (Windows NT 10.0; Win64; x64; rv:50.0) Gecko/20100101 Firefox/50.0";}'),
(511, 115, 'remember_me_token', 'a:6:{s:5:"token";s:260:"0FvumRaR68iRCPaozkvKdtVb1Vh8KfHrnOGjj1GD6HUdMAFTZE8Zr6z9QyS909uMwASImG4gHnaJSB43qVvIc9RYaqlMxIdttseJTn7K5mWhqBluybFcjunmQkPrAQ5tfp5yONNjoOeoc7ryxYQxXFUfB3CzZhh1U47VoT00YXEreg1bJKKY6X2ZW5qn0lpxpwERSaND2DN3cfJzFhiuXf4jgSGPe8AL3ZIXPwlVLkis8PCMIlDOc23TL2k79wYw2TJA";s:11:"session_ids";a:1:{i:0;s:32:"k1m6d49ufq9cfeog7ej1h2b7nekaqpp2";}s:16:"signin_timestamp";i:1479560958;s:20:"expiration_timestamp";i:1482152958;s:10:"ip_address";s:3:"::1";s:10:"user_agent";s:69:"Mozilla/5.0 (Windows NT 10.0; WOW64; Trident/7.0; rv:11.0) like Gecko";}'),
(512, 115, 'remember_me_token', 'a:6:{s:5:"token";s:260:"1788wXJV9M3FX3dz5JfCiiOMAR7EpeSQiMqThgQO9h0Adm2mw4hlwHL4ZT0IT6SN7e2bQHNyPVA2pexnKLtFkjtrSvVUD9of6bn66BvFcVsdzNykcrf1MWv2IjrsjuWVOqkj15DxyqiCwldsGDKB1Zu8Sfvne9yaZalaFbzouEAg7vW1Ik4kNlHW6RytfXjLq0sSbYRdpoArsLZmX3gUEJITXBc2R3zCh0OpYJz9Nr5CqcG4gIMUoEnFPJG7PtOThBQx";s:11:"session_ids";a:2:{i:0;s:32:"19doogdo0rcidcaa94o6n16epnobskud";i:1;s:32:"4gnnf8b9mrbdpqep9k5sgh7pd5m0ocqf";}s:16:"signin_timestamp";i:1479620737;s:20:"expiration_timestamp";i:1482212737;s:10:"ip_address";s:3:"::1";s:10:"user_agent";s:114:"Mozilla/5.0 (Windows NT 10.0; Win64; x64) AppleWebKit/537.36 (KHTML, like Gecko) Chrome/54.0.2840.99 Safari/537.36";}'),
(513, 115, 'remember_me_token', 'a:6:{s:5:"token";s:260:"3xXkyrwSRmQj55xnsW2C5wyZO7IH6OrMccY0lHsF3bKpgP2BMOjpia7L1WFDNQeND9PTHIxPDII6ddfFU4eKDNenS4zM1Q97SVKkZcfivtCnvgYL228asr9VcUWhkOUEobkBRuYonjqLXm3JGuB6dY0z4jbqvtpm4XzPVxSMZqts8B0t6hlJBlNfooiwZd1KhEJ9TDzyG37ArrJAqQLNL8ClFZOknu1Cm2Robxgff0mIEEwityvV8wPR3Ue6EycQuWzH";s:11:"session_ids";a:3:{i:0;s:32:"4gnnf8b9mrbdpqep9k5sgh7pd5m0ocqf";i:1;s:32:"u2fh0naphoobk1693ua97m0j18t501in";i:2;s:32:"lgud28bskqqart6ri4irp3qvakfqski1";}s:16:"signin_timestamp";i:1479697421;s:20:"expiration_timestamp";i:1482289421;s:10:"ip_address";s:3:"::1";s:10:"user_agent";s:114:"Mozilla/5.0 (Windows NT 10.0; Win64; x64) AppleWebKit/537.36 (KHTML, like Gecko) Chrome/54.0.2840.99 Safari/537.36";}'),
(514, 63, 'remember_me_token', 'a:6:{s:5:"token";s:260:"LT0wi8r2MqKNWLRty9mYnviuHrUX8FXJBtLfbRsH7xv35g9tTzILZhfx6tdF4GblsZMoTVvAl9hEH4yk1CXOCfCNnGNSQcbxnTFUkdNFoVwfDRJ7SaWJWyUOBwSePWwEc0H445eKaPOMdBumClTnYF1Zc5dh6Gjau6h8Zg3Aj6c1a0BDiMQi2kG2qUomZ7PkGJrDpge4O20PpQpoeSH2AaziNU99juoXsmI8s7eVjDWpAEyxK8nvrVdsmORy56YRl11j";s:11:"session_ids";a:1:{i:0;s:32:"kmo2rgfr88gpnqjp5ntcfc2jmq14hp0n";}s:16:"signin_timestamp";i:1479641389;s:20:"expiration_timestamp";i:1482233389;s:10:"ip_address";s:3:"::1";s:10:"user_agent";s:78:"Mozilla/5.0 (Windows NT 10.0; Win64; x64; rv:50.0) Gecko/20100101 Firefox/50.0";}'),
(515, 63, 'remember_me_token', 'a:6:{s:5:"token";s:260:"JkMNDhmjU4S8S9IrH2YquVxk6lTw1i7GcHmbP2nRJo5ndirkJdZKCT0xks3N1UnXLOYFR4rRCMtwRclGuP4awLrBZmEj9aFYedK52Vl7Lod2qOlDfeZgvsqtW9EGFDvO3YWVjNCuUVmf98xSmvtpTbcH4NEgEpSrOwilosyhsjuZf600anZpFzDp60vVMTQz3Wfy5pUzQ13kIOiBDJwcXgA7GoXPAQaXhPf7S9M8Gxe61BzMQiK7TUgvLBhytLW55ceq";s:11:"session_ids";a:3:{i:0;s:32:"kmo2rgfr88gpnqjp5ntcfc2jmq14hp0n";i:1;s:32:"ado0m75qe0ufl4vnqdp00o5sllng52ll";i:2;s:32:"60498ns3de6q788rldr7kuoa1eghhs6i";}s:16:"signin_timestamp";i:1479709419;s:20:"expiration_timestamp";i:1482301419;s:10:"ip_address";s:3:"::1";s:10:"user_agent";s:78:"Mozilla/5.0 (Windows NT 10.0; Win64; x64; rv:50.0) Gecko/20100101 Firefox/50.0";}'),
(531, 115, 'remember_me_token', 'a:6:{s:5:"token";s:260:"LpmaffHeLjZAX4KNfjUWUgM4wetL5O1No561CtqRqCYQZhCzPsy9gwmSFxfz3O1oIYjrivWVcArgCbNQEPYCcwPDPJubirpzwD5IRhSMl6nLpdtpAgTeSbo0hDJk0xFixdQtcUGHTEnjvknRHj2KaaKhz3n6xmrX2yI1r9v8Hq3YPoW8yxn9puM0kDs7cAm7tWEWsYJG7LJqA6aX8XqlGQiGFBTisOKuuEu9RdFXIObSBgkHvRV2M3738TQodyk5BcOs";s:11:"session_ids";a:1:{i:0;s:32:"42lvh6atte3h0h62dh9rg7la8b4t5ppc";}s:16:"signin_timestamp";i:1479904600;s:20:"expiration_timestamp";i:1482496600;s:10:"ip_address";s:3:"::1";s:10:"user_agent";s:114:"Mozilla/5.0 (Windows NT 10.0; Win64; x64) AppleWebKit/537.36 (KHTML, like Gecko) Chrome/54.0.2840.99 Safari/537.36";}'),
(518, 115, 'remember_me_token', 'a:6:{s:5:"token";s:260:"oVIOXSAlxDProiLStvLDKF924mmGBfh9npQgT4Y8W9z9UcjMk5L88bEbtf7WNqbQQuAUi6c0wlNTz5yt3U3MnBpyGCF1cedsDxHcj712atamPJMY4gnD3eiIBBH8NEWuYqq06OkryKazwlZeYpZSriAQ8O0CwvCzfN13XZfONA4JsUbwDLhd0SJxWtChLbRvfUBJVvc1pVelFysyXzQPRGnrj2Iuk7PZosgj1E3OdXV7aGEP2MI4RuT6KTFClRJHkmhI";s:11:"session_ids";a:1:{i:0;s:32:"lgud28bskqqart6ri4irp3qvakfqski1";}s:16:"signin_timestamp";i:1479706540;s:20:"expiration_timestamp";i:1482298540;s:10:"ip_address";s:3:"::1";s:10:"user_agent";s:114:"Mozilla/5.0 (Windows NT 10.0; Win64; x64) AppleWebKit/537.36 (KHTML, like Gecko) Chrome/54.0.2840.99 Safari/537.36";}'),
(519, 115, 'remember_me_token', 'a:6:{s:5:"token";s:260:"skqQj2YDiRGN85F3MPNz6tAiHwThBaIBLhqEmOCXYWsLz46KQuxBEAUqOb1qpkZyUPDomaT3gNxRg2JysdJ0Nid3q5jYGMVAOxcrrMc98QLD0HJc5MgpV840heTfzoGnCln7X6LiUMmx1VADVQYtltaEmfcHuduwFLfe9okn1SwN8WCJtFu9ZvIHVE4uc0pOI6aKGfy3Sp9W5lJ3mCgSr770a2XPZAe6dbXrUZSoWbv1ewSkQBbjHvn4RlKvsRgsT8hk";s:11:"session_ids";a:2:{i:0;s:32:"lgud28bskqqart6ri4irp3qvakfqski1";i:1;s:32:"bm9bk6kogck62l8q9vi157iif55pcpnr";}s:16:"signin_timestamp";i:1479728277;s:20:"expiration_timestamp";i:1482320277;s:10:"ip_address";s:3:"::1";s:10:"user_agent";s:114:"Mozilla/5.0 (Windows NT 10.0; Win64; x64) AppleWebKit/537.36 (KHTML, like Gecko) Chrome/54.0.2840.99 Safari/537.36";}'),
(520, 63, 'remember_me_token', 'a:6:{s:5:"token";s:260:"M5TBtJoqGbJV737XCdL8yrlLh95xPj4rpMpQZZvCYcNSu4jw5IsvfTEfVG2alI29yyOhdxsFcN9YBa2y5QAduzZ3lucRFndKbASwvpV4Si6Bpw3RX4zo03DMAf8RDseaofXD05zVEiHeM9Qg0ArUCw1ItqOEChNmmIGxJRgMNjA8kx71TY8sFlP7lI6hUNei1zDYyHXmhLBiRP4UvfPF7UXuDtLOWEdUnOtg1JkHOrKm6HJBKgF26asq9Kkj1VSqtWKc";s:11:"session_ids";a:1:{i:0;s:32:"ggkv6ab5dsfqfm8ejfas2jfi9bv5a143";}s:16:"signin_timestamp";i:1479732335;s:20:"expiration_timestamp";i:1482324335;s:10:"ip_address";s:3:"::1";s:10:"user_agent";s:78:"Mozilla/5.0 (Windows NT 10.0; Win64; x64; rv:50.0) Gecko/20100101 Firefox/50.0";}'),
(521, 115, 'remember_me_token', 'a:6:{s:5:"token";s:260:"okXvFwaMVI59p5M5Jo2yUo6y8hcVpACnieZx9LY2XrSGsSEE9ujbP7pPshEYWFKZDrjmH2eHl3TxhbKGhWaC73f1KJN8vQ8rRZUJuF4pLMzLOytYqiUOTaJBtYfD9XRuMDw5bPDmavcNsF2dOwcogIs6mut1SniKjjCsQBB2kizqZdEIqbgq0kv0QJkElRN3nrIaVVtHn3icxYL91xxOyU4o0AzXFgA5PRQ7l8c4dBdWeuBS4DL6CqbHjSfNH6GtvfWk";s:11:"session_ids";a:1:{i:0;s:32:"i1foiifs0hrstmh779igvvtuc8uqncqe";}s:16:"signin_timestamp";i:1479782144;s:20:"expiration_timestamp";i:1482374144;s:10:"ip_address";s:3:"::1";s:10:"user_agent";s:114:"Mozilla/5.0 (Windows NT 10.0; Win64; x64) AppleWebKit/537.36 (KHTML, like Gecko) Chrome/54.0.2840.99 Safari/537.36";}'),
(522, 115, 'remember_me_token', 'a:6:{s:5:"token";s:260:"mLVz4CbIDMdsfauVcJSKXv8vaepmsgBVI1iJXCEKfwS4gq6h3EPa72PRxLaGuCDMcefmfkFQTvgHo2XErUa1GlJLZbrj5BPWy6bwYnAj7QyVd0I22BNiuS78qWRxlKfIhQzOthMyhHlKl11ZLAYsXGtjFyLSDX9ccp48yRp7m6pZOHgZx8YAEz4An0Ui0tVT9q35dPHF3lpziH8QNNwSJb0Ig6i9CFjmNeCwNxrWTURrrd4nU3uQe9kkPbtJFO6ovDZ2";s:11:"session_ids";a:1:{i:0;s:32:"cir9b4e65jr2q71rqubccammpi5cakuo";}s:16:"signin_timestamp";i:1479788772;s:20:"expiration_timestamp";i:1482380772;s:10:"ip_address";s:3:"::1";s:10:"user_agent";s:114:"Mozilla/5.0 (Windows NT 10.0; Win64; x64) AppleWebKit/537.36 (KHTML, like Gecko) Chrome/54.0.2840.99 Safari/537.36";}'),
(523, 115, 'remember_me_token', 'a:6:{s:5:"token";s:260:"cpjERo44hhwXVMWfYJeznsfM5OYCHUHWDFTs1Nx8Riq5xA9XgBUmyIJ7v2Ofc61BFnearlZVyfxKvgkiwZ5NDLk3tNGMtV3KzhgIQFTRe9XdpV2cwKQ5LFtIn1JjiPz5kZIlUdSGgSD2lupUWDuKhmpOCEijtHO9a00fyYSykwHq978McCiNMGQrQEALj7BbT2JVoos3mnTZSd14kJIm1oeaxC93KGvu68Rugvtd64CP2Uw4XGxuQnWDrE7aPpHdq6b0";s:11:"session_ids";a:1:{i:0;s:32:"2b3ku8e3p5en4frnfitsa9c2i3ks0g97";}s:16:"signin_timestamp";i:1479789621;s:20:"expiration_timestamp";i:1482381621;s:10:"ip_address";s:3:"::1";s:10:"user_agent";s:78:"Mozilla/5.0 (Windows NT 10.0; Win64; x64; rv:50.0) Gecko/20100101 Firefox/50.0";}'),
(524, 115, 'remember_me_token', 'a:6:{s:5:"token";s:260:"HuZlrl5a7hY1JNWbKNM3eZ5KHWXSc8sTRbaT80xGBaODLyXGF8IkiYneGlly0RFkvAmw4xyqUpBQRvzOc2aqwKUCuRIDsfAQ0tzPVLCdVuZpiIOJ1SFs5TfxkKPPh8BHoEPGTPhj4to6MU9ezo1FnkJeiwAAjCdHg2sZhaLdw6x4NeCbgMBd9DygpZvjv3YlImSLYENc72m3XTDu6f3oWvH4fmttr841bpMrJcQr7jMupG752691iVXI3fBOj9VDcVzs";s:11:"session_ids";a:1:{i:0;s:32:"cir9b4e65jr2q71rqubccammpi5cakuo";}s:16:"signin_timestamp";i:1479789895;s:20:"expiration_timestamp";i:1482381895;s:10:"ip_address";s:3:"::1";s:10:"user_agent";s:114:"Mozilla/5.0 (Windows NT 10.0; Win64; x64) AppleWebKit/537.36 (KHTML, like Gecko) Chrome/54.0.2840.99 Safari/537.36";}'),
(525, 115, 'remember_me_token', 'a:6:{s:5:"token";s:260:"D7YF0JsII0AKnbHWgXfv7ek7xTfR5tmdPFRx2NFwH9WpiuNe4Y6M1GjbmhEa53ZePlzoeAuhG4vxiL2pU2J8tJYcsS86nApDSEbp94MORq1B7rNawQGg3lus6wsWZjH1dxXVA0nCqjVZgpJxao3MCy8NcYqCSLHOI8Gfbo9ED0UPZQYW9hBTyVn8IMmdLXPByjgSAP6TfyKr5Kc7druQvjoR10EiszCFfWODeMNVQzhEKamulUTClwL1tHXoLJybg3RZ";s:11:"session_ids";a:1:{i:0;s:32:"2b3ku8e3p5en4frnfitsa9c2i3ks0g97";}s:16:"signin_timestamp";i:1479790539;s:20:"expiration_timestamp";i:1482382539;s:10:"ip_address";s:3:"::1";s:10:"user_agent";s:78:"Mozilla/5.0 (Windows NT 10.0; Win64; x64; rv:50.0) Gecko/20100101 Firefox/50.0";}'),
(526, 115, 'remember_me_token', 'a:6:{s:5:"token";s:260:"iyZTmvlrsTD65a4q0rCiDVrXUHzEvXJoafBB8JLQwCYhmioBAyUpninl5Sc3h2Ozstxlxr3GdTrJt9d3nsKKBjZXuGj8R5LQuAuNfoWIjJoPFP8welsXW8lDH2mzYhHFyV81HRRxfZRKS7j9dF0WpwK6pv4h70Ug4btkWTcM1NOvAFnGHT96A6zEqaBVkOmsXpbujGbNbV49ufCEPZ4USNy235fo2mhK7V9eQJNa3gMCDR0M1xkAnEzxEkgg1cqkIv6e";s:11:"session_ids";a:1:{i:0;s:32:"2b3ku8e3p5en4frnfitsa9c2i3ks0g97";}s:16:"signin_timestamp";i:1479791410;s:20:"expiration_timestamp";i:1482383410;s:10:"ip_address";s:3:"::1";s:10:"user_agent";s:78:"Mozilla/5.0 (Windows NT 10.0; Win64; x64; rv:50.0) Gecko/20100101 Firefox/50.0";}'),
(527, 115, 'remember_me_token', 'a:6:{s:5:"token";s:260:"URjcBiWi9QvzHkYxtV6ultOsCfvbS7NmhwFwXxQ1Ma1pZQFKJioVO0yNnMObbMfn0ar1RpvDuV541HzeePDdXRIQSI6E4wx9l16r9LzRUqCHgP6Et2sBBqBWFDj50yPkS2stZEA7h5YUJNkf7xv2WGhmJTzRQoc9dGmsV6Z8CPwTylGdHoagKICS84UyjOUhIbDpt48CXuX3NEGLK03KGBJWErpZd3cSIlXMckAq3jaA7TFPuceFdw7Ys88YofqJuZVz";s:11:"session_ids";a:1:{i:0;s:32:"2b3ku8e3p5en4frnfitsa9c2i3ks0g97";}s:16:"signin_timestamp";i:1479791447;s:20:"expiration_timestamp";i:1482383447;s:10:"ip_address";s:3:"::1";s:10:"user_agent";s:78:"Mozilla/5.0 (Windows NT 10.0; Win64; x64; rv:50.0) Gecko/20100101 Firefox/50.0";}'),
(528, 115, 'remember_me_token', 'a:6:{s:5:"token";s:260:"Wt1oReAFtqFYjDYdTBltqy295Y06U4gPQ0i8tqRslMzbsFDkn4TKi52yGkZMVSdn7GhDgHVuHu1gGvLwZqBreYJNExOMESOBm1Z62wnpKWcNv8WlwWzlqJhjpsUHwa4s0bOH9P2C0afzJaWA37xz0oIC8Tx7OKJCS7AmBrt1l6vmddArVuLSXEUDu4gmi17boNyLUfh5IQcNf9DLF38poeTh38BesjYjIEnJFMjvyuXPkdVOchPwbKR6In3Crf2o5yk6";s:11:"session_ids";a:1:{i:0;s:32:"j4egt7svfujltnh00mtr251lg391ovpc";}s:16:"signin_timestamp";i:1479867400;s:20:"expiration_timestamp";i:1482459400;s:10:"ip_address";s:3:"::1";s:10:"user_agent";s:114:"Mozilla/5.0 (Windows NT 10.0; Win64; x64) AppleWebKit/537.36 (KHTML, like Gecko) Chrome/54.0.2840.99 Safari/537.36";}'),
(529, 115, 'remember_me_token', 'a:6:{s:5:"token";s:260:"lw4HVX3AV8F0UT3kA67DxYVfK29G06bJknOKpvwWQwGcIBgIoWSSIwy1LVnZTGvolaF3QJoOAdNcLl51R8puy5ImGeSdrZlhPzqM3uEACYuzZRPzzV7URblTKSKf1mdXQP1EGanjdrijNsYkNhDFRj0pQ0zp4nhxjXHDjTv9UOCS7ip67Jqc8UkvtPrtbNCeEL3H0aaZrcF1gfmfhguHKW25aqAPnMLBYIhtxk5vy6OgOZbgCDC4EX5YsBE8LQ69xBfD";s:11:"session_ids";a:2:{i:0;s:32:"j4egt7svfujltnh00mtr251lg391ovpc";i:1;s:32:"42lvh6atte3h0h62dh9rg7la8b4t5ppc";}s:16:"signin_timestamp";i:1479898323;s:20:"expiration_timestamp";i:1482490323;s:10:"ip_address";s:3:"::1";s:10:"user_agent";s:114:"Mozilla/5.0 (Windows NT 10.0; Win64; x64) AppleWebKit/537.36 (KHTML, like Gecko) Chrome/54.0.2840.99 Safari/537.36";}'),
(530, 115, 'remember_me_token', 'a:6:{s:5:"token";s:260:"OxtyQd1URupCkDrLqTYLyb3bgawMvHrIpKWeNDAgP42FWOZZjYt8KXc2Q3vIrTxx2yHWgq2Npnm2JEudSh7MR3q4CNKdlP5RaNni0sWuYUc3ncVjFN077usyGCkDRbG1BhXl4A6bKHgzE9iT9mOvsyfSwma0Ui5gak6V5E4j1fMz7ZpZ6PiUtBIl8VP6CMG3cTOkmUwV0qow9tXxFDwD5zfITHHJvoGnbfXoJaBEhv8C6XFGd8mYFeezAxWB1045A1hj";s:11:"session_ids";a:1:{i:0;s:32:"42lvh6atte3h0h62dh9rg7la8b4t5ppc";}s:16:"signin_timestamp";i:1479903598;s:20:"expiration_timestamp";i:1482495598;s:10:"ip_address";s:3:"::1";s:10:"user_agent";s:114:"Mozilla/5.0 (Windows NT 10.0; Win64; x64) AppleWebKit/537.36 (KHTML, like Gecko) Chrome/54.0.2840.99 Safari/537.36";}'),
(532, 115, 'remember_me_token', 'a:6:{s:5:"token";s:260:"f0oCSrcqoNg0PZseC3N4RP372olIdbsf9KjT2QBvn7L3XQltakS7pidTaDBjTQ1DykKsX3TxAYBGdcuPJt5nr2Wbpw6FFfbimkbwhL37JsUr4mLlZ96Nej5EVeqPPUXf1xvLmuI00NOhuOtjnOJBCp6WhjV2YgwHG4u4Msp2dTngZWxUO8RMWZK8wYMtDoyrakF7AVEXX60nKm9D5xE5FyxAzRgc9M4Bk1A5Y8dDHoEeSVlSv9ICzHLaIcehyhHtmAwz";s:11:"session_ids";a:1:{i:0;s:32:"42lvh6atte3h0h62dh9rg7la8b4t5ppc";}s:16:"signin_timestamp";i:1479904623;s:20:"expiration_timestamp";i:1482496623;s:10:"ip_address";s:3:"::1";s:10:"user_agent";s:114:"Mozilla/5.0 (Windows NT 10.0; Win64; x64) AppleWebKit/537.36 (KHTML, like Gecko) Chrome/54.0.2840.99 Safari/537.36";}'),
(533, 115, 'remember_me_token', 'a:6:{s:5:"token";s:260:"90Ujfz5H1UN7JV8eRlsRR28tfYMmP8UDvO1CRZHlFnTvTdIsTFHCZxGte8cgR7S6Dk9LPJvoow2SuNqGSmYajEwchf1KuVYqkp9VKrparW5ZAjziQn0r2wBhzHtClx7LqBcbwQYjAkJmQDEHfAGoxcc7Ob3hSnbtduqrp43OW3XP6LS6NWksxpFXEsUQNWgOb0oMD6i48t4bOJgYrIGN32dLBaynIwuMpvP39xMTIjFBF6iBav1E7X05gzhVMn0ellLg";s:11:"session_ids";a:1:{i:0;s:32:"42lvh6atte3h0h62dh9rg7la8b4t5ppc";}s:16:"signin_timestamp";i:1479904640;s:20:"expiration_timestamp";i:1482496640;s:10:"ip_address";s:3:"::1";s:10:"user_agent";s:114:"Mozilla/5.0 (Windows NT 10.0; Win64; x64) AppleWebKit/537.36 (KHTML, like Gecko) Chrome/54.0.2840.99 Safari/537.36";}'),
(534, 115, 'remember_me_token', 'a:6:{s:5:"token";s:260:"45H8sUFMJgHM4U2MQv9VCoHitUvKkeyohLY1MD9E6WJz4pP6IirWWLBFwPblqrZq1Y7PIDBpa3dCBFyMzIx6EKi2r2c5166pxGxceZNdPSvU3AEjWRmCQnL32lApogd7giFRQD1vozrn5V7wCmTTxHnjsJ9fgfxCA8SbJNAckVvmsNRhucuw8q81wbANaystOq2XuGujJOF0ap09Kal0DXPfjWIOVkYEtdhwXf5IDOytLYNK7OcGX43ByqmglkibKTZo";s:11:"session_ids";a:1:{i:0;s:32:"42lvh6atte3h0h62dh9rg7la8b4t5ppc";}s:16:"signin_timestamp";i:1479904675;s:20:"expiration_timestamp";i:1482496675;s:10:"ip_address";s:3:"::1";s:10:"user_agent";s:114:"Mozilla/5.0 (Windows NT 10.0; Win64; x64) AppleWebKit/537.36 (KHTML, like Gecko) Chrome/54.0.2840.99 Safari/537.36";}'),
(535, 115, 'remember_me_token', 'a:6:{s:5:"token";s:260:"U2Q65X5cpkzFxhM1OApfgeIT8LWxBwwDSbBA4Vy2HRJQuRfgt2BNPhV37IQ6bElJotaysqOamyIQm8HqHoJLW4hFmZuOT8Od5tVTNZGi53l5SJUCivu9L1nkcKmwgqEKyUwAh8GN33GuKDcYzZp1d3ZzXUVv1Y64w7qLFCLD7S70adbg9jskeQuXey0Sz6AozIsknMxP2aDRYGqEYB4CUf0MFvXJjHfaIhNWi9T9M8lprWOpYrX0fC9ilBjv2SGDTrP0";s:11:"session_ids";a:1:{i:0;s:32:"uate3bub9tto1uu78oosbg5dg2rmic1j";}s:16:"signin_timestamp";i:1479904754;s:20:"expiration_timestamp";i:1482496754;s:10:"ip_address";s:3:"::1";s:10:"user_agent";s:114:"Mozilla/5.0 (Windows NT 10.0; Win64; x64) AppleWebKit/537.36 (KHTML, like Gecko) Chrome/54.0.2840.99 Safari/537.36";}'),
(536, 115, 'remember_me_token', 'a:6:{s:5:"token";s:260:"rpl97DmucycxYtSDKARCAFIaKSgimYXnr58z5zOSuvBJG6lspk2Nv5Be1Jr4ZwntBGkIewFbeE6k2RzjxB4UW7CRMkQ42ov0yzqOEsSww8QSWdofu86Xulp9ymN1DCNVbAHrV6nfkhg1OY8DdgOP2W531IWxd1QiINPGKi0syBVLfZsUn3dbfioMIHHm7ZwqfTjKortv75CFRcTbx873mcagOHW4PjaYVUzsdeE9LPALXZG0T43NEeyhYhMCg6iMl0R9";s:11:"session_ids";a:2:{i:0;s:32:"uate3bub9tto1uu78oosbg5dg2rmic1j";i:1;s:32:"vs1iq1nchj8v0udj42eo57narkiv5kn0";}s:16:"signin_timestamp";i:1479904923;s:20:"expiration_timestamp";i:1482496923;s:10:"ip_address";s:3:"::1";s:10:"user_agent";s:114:"Mozilla/5.0 (Windows NT 10.0; Win64; x64) AppleWebKit/537.36 (KHTML, like Gecko) Chrome/54.0.2840.99 Safari/537.36";}'),
(537, 115, 'remember_me_token', 'a:6:{s:5:"token";s:260:"gCr6H1adJjx6CL2DhmuXNJpfccTR8usLZkJVRTawRBBk0q95PUv7WD3yllDp144WgjpMz8byKXh43XdhZCOYDg0f34HYrEibagymVLjTHx9JuLnvzSpSfKO8v7smVY5Rs7zzPcME0AftIhNJom8GeFFqwNcQlIoKUjshujA1z0NwCg7eMbrtHO4XXQL6YI3UPZvQriiWs6AwtOMHEoiy2fGNQud3Dea9nRq8bFrIwvETmdPeGWOkAUodtSPbxenCaB0Z";s:11:"session_ids";a:1:{i:0;s:32:"0eeleh467f2rsm1untfomnpq7mbq05u2";}s:16:"signin_timestamp";i:1479905882;s:20:"expiration_timestamp";i:1482497882;s:10:"ip_address";s:3:"::1";s:10:"user_agent";s:114:"Mozilla/5.0 (Windows NT 10.0; Win64; x64) AppleWebKit/537.36 (KHTML, like Gecko) Chrome/54.0.2840.99 Safari/537.36";}'),
(538, 115, 'remember_me_token', 'a:6:{s:5:"token";s:260:"AWZAcFEivmRHb7MuYR0N8VDvX6WLqewxN3SKjj2u1CEBnLCkRJ6pyQPk9VUp4z3LUJe9aCk5g9TfH0UMXi5GviS1pwDtRdusaIMs70BGrbB3PIsoOEenxY7DCZJ3tgvz3bFF8QMmYhomuqpI5BTa4xfLAWt6d8nsjVUqai8f7zyDHXLJk9flnyn4AF9G5Bc2TMmvV8PhQFOVyebwco6QloCErrzNbdWG12ItweZhGg4m40pEcPWIrzYlwKqKS0OPcXNg";s:11:"session_ids";a:2:{i:0;s:32:"0eeleh467f2rsm1untfomnpq7mbq05u2";i:1;s:32:"r2jf8o2g4votfneu09ag2v6snv8e3pni";}s:16:"signin_timestamp";i:1479956965;s:20:"expiration_timestamp";i:1482548965;s:10:"ip_address";s:3:"::1";s:10:"user_agent";s:114:"Mozilla/5.0 (Windows NT 10.0; Win64; x64) AppleWebKit/537.36 (KHTML, like Gecko) Chrome/54.0.2840.99 Safari/537.36";}'),
(539, 115, 'remember_me_token', 'a:6:{s:5:"token";s:260:"32BOg7emshHWIONPLVhXY6bBoTyaiJDFk6uvH70VutUESJFQdIV8wXaK5wVszn2q83WhADqyvZRGUzAz48xUr6cfPrTc5NgrpT6gaIRC1i89NQKWlF7MyckAJMphQwDqy4M4etkSqWlivbrhoAF1snYdYBdUv5BCpb0PEOY0CMRj4nMjG2xHgixZ8fqQX9mHIGu6zXBd7cdjAZ24PmFxTWJRyoDjZJCYwUZ0ruVw3fSea5olsEeQ9n1fciSb5uSfOt93";s:11:"session_ids";a:1:{i:0;s:32:"r2jf8o2g4votfneu09ag2v6snv8e3pni";}s:16:"signin_timestamp";i:1479965474;s:20:"expiration_timestamp";i:1482557474;s:10:"ip_address";s:3:"::1";s:10:"user_agent";s:114:"Mozilla/5.0 (Windows NT 10.0; Win64; x64) AppleWebKit/537.36 (KHTML, like Gecko) Chrome/54.0.2840.99 Safari/537.36";}'),
(540, 115, 'remember_me_token', 'a:6:{s:5:"token";s:260:"cChqKGkloybTESiB4DWOGXp68nMxzN6prbSHpz9Pc8PPinmJbTdwaOPmhJWZrySiWVGVaW9UCCd1TZGfZRugAr5mOUdVX3nT3Ko2hEMLmIxkM4fRtLcIN86Jn4RtvN7YEmF0QJ0kUADzfX4fHhtwjWeRQegpKg9EY1QNxqAul16jBj0OvvQpe4XgzcMsuayq7zOAV7KksoswrYXBaYSt31YbTSJ5NqC28FkhPy9C2U9HldvMUyws2l56QZZHabBlwrF7";s:11:"session_ids";a:1:{i:0;s:32:"r2jf8o2g4votfneu09ag2v6snv8e3pni";}s:16:"signin_timestamp";i:1479966883;s:20:"expiration_timestamp";i:1482558883;s:10:"ip_address";s:3:"::1";s:10:"user_agent";s:114:"Mozilla/5.0 (Windows NT 10.0; Win64; x64) AppleWebKit/537.36 (KHTML, like Gecko) Chrome/54.0.2840.99 Safari/537.36";}'),
(541, 115, 'remember_me_token', 'a:6:{s:5:"token";s:260:"ujcVoP1RTHqxhfW3R836QXZkScKVqYtPvbFWaXj46VO4CiWqcBn8nVnFB7reHbQCGMkXDAKUE9vVuUaf1Lp5gaMvBzuCDFM40p7fAuG2I8kOLZUWlTpl8eUke323jt4ErmtKNpojbgOQItdXJPwm7Du7xkgESYqySExNhwwh9h6yz9zes1rQ7Z5HD3AL5zdxGfRYh28OicsdYiylyzZ2fOPTdwrJ0lnxJDTcCLiJ25oPLrBRssmISKIUdXm1FbQJgvNG";s:11:"session_ids";a:2:{i:0;s:32:"gl96j10vl6re8p5gsvdpbhvvfruel0qo";i:1;s:32:"tdm1er55toemkp2rr5fr1eskaohmqgam";}s:16:"signin_timestamp";i:1479997273;s:20:"expiration_timestamp";i:1482589273;s:10:"ip_address";s:3:"::1";s:10:"user_agent";s:114:"Mozilla/5.0 (Windows NT 10.0; Win64; x64) AppleWebKit/537.36 (KHTML, like Gecko) Chrome/54.0.2840.99 Safari/537.36";}'),
(542, 115, 'remember_me_token', 'a:6:{s:5:"token";s:260:"usNqNqznYPhadNL7xXZAv2ISwn8mljdGVaPkYlhFsTCeX25WExGfSabVLEqLwypKzoQluJMEU4hzVvdWnjOo0TalD56keWrKcJt1SrAZiDRe4Zpx8q8FGh046OyrnjyXvjgpQQk12rO9TMgmY03tHtcRBUefBMAD1IJNvKuQZ2yybCIwD6CSPHZ3LlbMbjFginXesJO2U3wzogmWYPQX9FcFOHKBucmp95k7TGH0vii5ibRk3fATU3B79q1HEg5xofJR";s:11:"session_ids";a:1:{i:0;s:32:"aks0itaf1qu5a2gh5v7p6sq19odeqtrs";}s:16:"signin_timestamp";i:1480074367;s:20:"expiration_timestamp";i:1482666367;s:10:"ip_address";s:3:"::1";s:10:"user_agent";s:114:"Mozilla/5.0 (Windows NT 10.0; Win64; x64) AppleWebKit/537.36 (KHTML, like Gecko) Chrome/54.0.2840.99 Safari/537.36";}'),
(543, 115, 'remember_me_token', 'a:6:{s:5:"token";s:260:"x4exYZbRTJKo0pxuSOhG1BWhdPCjmCQr5ITzwvAiGIqHrN4kVfR9USJ7UrbFB0Rn1p8FmNu7PA3otdeEHR1cp7iFh3AQ9YYuJvsyod4r6afg9tj7pFLHJkNIK2gKvwLiFaHqvt166PC1GKEOIDsRLE38GLXxzUMysCkB8ASMCawUBXq5OvysownYY2LgWy59VnWkgQ4Szj2E67y9celoDNmPO0mqX3kbjQnN80mbBMcpdlhDles58fcGZe6MDhTSKJaP";s:11:"session_ids";a:1:{i:0;s:32:"aks0itaf1qu5a2gh5v7p6sq19odeqtrs";}s:16:"signin_timestamp";i:1480080863;s:20:"expiration_timestamp";i:1482672863;s:10:"ip_address";s:3:"::1";s:10:"user_agent";s:114:"Mozilla/5.0 (Windows NT 10.0; Win64; x64) AppleWebKit/537.36 (KHTML, like Gecko) Chrome/54.0.2840.99 Safari/537.36";}'),
(544, 115, 'remember_me_token', 'a:6:{s:5:"token";s:260:"Y8hE17eNUh4cwdAnmRNFGj5AVSTwIkwkcPfFba2mG3DPGxMmQZNYD1bGLWZBzbQHE286Cl6NvzSs42tDJxXvRClV9HkXduspp2jOdVzWkLyJlSaeLK4gKO36rpqniZUs8mZu19ujxP8EVQC5IPqvrqhYwt7ASOHi5av07uyctyX7oOREnBw4eXKMHYWJ0AW3iDZszTcgafATT4f96G6ekTqxUCyMufKo0DFp0gBjiW1I9rCvajUgHR7iOPegIKnLqbLm";s:11:"session_ids";a:1:{i:0;s:32:"dtssmknkjn8b44rujrriourq0jepm18e";}s:16:"signin_timestamp";i:1480127642;s:20:"expiration_timestamp";i:1482719642;s:10:"ip_address";s:3:"::1";s:10:"user_agent";s:114:"Mozilla/5.0 (Windows NT 10.0; Win64; x64) AppleWebKit/537.36 (KHTML, like Gecko) Chrome/54.0.2840.99 Safari/537.36";}'),
(545, 115, 'remember_me_token', 'a:6:{s:5:"token";s:260:"0xNPyvRoqHWuf3xbDYNaOG5SDBiDtLAWwpqHGe0r9XFgtzSd6eTd74nEoPHOmAFTaTdZnswxntaRhjI18JQfmk9sUBNEt4upWlxpO38YOMrDb1LIvIQIgc2ntXbQMC7GohIZQ57B1FJ5CRCwPJCU7Eqgz26JvpFkz6iiLJ7us0Vn5MsxelukvzZKdAv2iXmVje64RwhZEk4u9cbkmTMDMLYP1K3hVFP2K5Yl8yKbocifAZpq48c9EXc6yBhmRHG8NKgf";s:11:"session_ids";a:1:{i:0;s:32:"dtssmknkjn8b44rujrriourq0jepm18e";}s:16:"signin_timestamp";i:1480129495;s:20:"expiration_timestamp";i:1482721495;s:10:"ip_address";s:3:"::1";s:10:"user_agent";s:114:"Mozilla/5.0 (Windows NT 10.0; Win64; x64) AppleWebKit/537.36 (KHTML, like Gecko) Chrome/54.0.2840.99 Safari/537.36";}'),
(546, 115, 'remember_me_token', 'a:6:{s:5:"token";s:260:"hGbbs2TDO59BCi6tyEiJIkSYTrZA286eHLhOsmM6gY7rMQlUEDBhgdG8oKuIKMN3lkmx6iWFIQPt5VHN0wYoFh59enZpAcTsuTt72nmkz2Gv1leKSruUaClqs0QxpPzoXfvindaIYvp1gf3t1wDUXqCBM9o4znOihfajFenUAcpykaE5dE3rWQvSVcPvSaKZRIrgyK7ZHqFC2t948CGc3yWJOPjNfBw9w7RoB0jpQd1bRJdJmXEDVLc5Nl4LMVU1juxS";s:11:"session_ids";a:1:{i:0;s:32:"dtssmknkjn8b44rujrriourq0jepm18e";}s:16:"signin_timestamp";i:1480135682;s:20:"expiration_timestamp";i:1482727682;s:10:"ip_address";s:3:"::1";s:10:"user_agent";s:114:"Mozilla/5.0 (Windows NT 10.0; Win64; x64) AppleWebKit/537.36 (KHTML, like Gecko) Chrome/54.0.2840.99 Safari/537.36";}'),
(547, 115, 'remember_me_token', 'a:6:{s:5:"token";s:260:"FIUBec5EOrInROld6aR9qo06GstmI79CH132Sl4l3VDP5EoqzOG8ZcewpS3JLk2yQIcPjsEeY1TObgSTYHy40shT5bnPoxMARqiLUTrarSQXp2AvEBqmRwhZSuuPb8Q6gV0ZUZrDsvQzKhihd71unztHTfvu3x7bjW2aKf8Qx9mixjwa8J7XwyV99wNFLPX0C4lmb5dvmMGL6eDFUURi6CxXlaqCGd8GzuDBfsNjvngWFhpNIf0DWLYdgoKWWNrX4BHp";s:11:"session_ids";a:1:{i:0;s:32:"ob4ju8l17m8nutss90asb29fur3lm1am";}s:16:"signin_timestamp";i:1480150457;s:20:"expiration_timestamp";i:1482742457;s:10:"ip_address";s:3:"::1";s:10:"user_agent";s:114:"Mozilla/5.0 (Windows NT 10.0; Win64; x64) AppleWebKit/537.36 (KHTML, like Gecko) Chrome/54.0.2840.99 Safari/537.36";}'),
(548, 115, 'remember_me_token', 'a:6:{s:5:"token";s:260:"0OcaDl3RIK6UigeJ3xImHOGppZ47kROPyvWTLg0hGmS79YxFCXuq1WIPN6DRcbgNQdGUEpbJq9LZjZrVwMryRAvoUX6Fs6nwDz0EF1dQYLCjsHkV4cBLTjl3rHF25CiuVPKGMfxARB8Ov1h0JN88M5fyWEZqHcU8zY7aNIAP4jpDBnGAkKaLaiuWeSo72QST9XThPtlMmybm2ueBTSV1oE0F4dz2jadrQHp62JsCXlfQwiY4mw5IXSqr3vlvftV5t8Ob";s:11:"session_ids";a:1:{i:0;s:32:"nvpm244fvguem5uli66hhmu7assmqik4";}s:16:"signin_timestamp";i:1480151439;s:20:"expiration_timestamp";i:1482743439;s:10:"ip_address";s:3:"::1";s:10:"user_agent";s:78:"Mozilla/5.0 (Windows NT 10.0; Win64; x64; rv:50.0) Gecko/20100101 Firefox/50.0";}'),
(549, 115, 'remember_me_token', 'a:6:{s:5:"token";s:260:"XmMPCBvBNjhXkyE5pLq4VTRpcYgHQd7HlF2ZY8SyvnnvdBKMREgPLFbD1awW1UGqtv79iQbw1SV3rG8Zvs7JCx0MZWhJzVGAr73cNAQjQ32FOpYmEjxJaVY5DoiCIa4O6s1dotnOgwlFNTr2zlNJtTlskuBQ8IuS7fNbURmBx3x2nR5VDYRueUtzitH4hwZmW6WTjJ0ams1fZePA6CSf9Fr5ogc0K0elUALk9XqcaGy3b2sKUTMfOnyKEEkh0LedjSdX";s:11:"session_ids";a:1:{i:0;s:32:"nvpm244fvguem5uli66hhmu7assmqik4";}s:16:"signin_timestamp";i:1480151466;s:20:"expiration_timestamp";i:1482743466;s:10:"ip_address";s:3:"::1";s:10:"user_agent";s:78:"Mozilla/5.0 (Windows NT 10.0; Win64; x64; rv:50.0) Gecko/20100101 Firefox/50.0";}'),
(550, 115, 'password_reset_token', 'c126518143aa77a4fbd94ec42eda36848ef54287ee70e774c8d512eff892004e1d1d7f67b5ac44caac103a255deb23e5a3502c23e9a6af7ebb1a478d1a333a86'),
(551, 115, 'password_reset_token_generated_timestamp', '1480151936'),
(552, 115, 'remember_me_token', 'a:6:{s:5:"token";s:260:"HGzmyEA67M48dRYL1OF5t0l2sJl1fuewkyHTm0DFhiZb3NWQoAVdPkaShELSOnMR8de87xAyXx34PhvVrc5YMulAwplJXIUqDZLwt5fgjVavQ3E7WJBbG4KJYp7DYtDTzKTxmCXiDqC81oVxpXUFgPsVWKzr4Z6UTg9lyQNU6MPxZfrvzWGIQHk0CCrvZyN5I1ho97cpnbB2ikFNgbCGXKOIRtLB5ueKArE0cw96aMhReud02p4Lc9oqFmgtnGTWzEf6";s:11:"session_ids";a:1:{i:0;s:32:"ob4ju8l17m8nutss90asb29fur3lm1am";}s:16:"signin_timestamp";i:1480153497;s:20:"expiration_timestamp";i:1482745497;s:10:"ip_address";s:3:"::1";s:10:"user_agent";s:114:"Mozilla/5.0 (Windows NT 10.0; Win64; x64) AppleWebKit/537.36 (KHTML, like Gecko) Chrome/54.0.2840.99 Safari/537.36";}'),
(553, 115, 'remember_me_token', 'a:6:{s:5:"token";s:260:"eOBSVI3l3pDVEs1c6fMFAUPsLJjkWQRtBHpiAYtxZgiSTfuHNhMEysvdbpCg4iLRMCK5kZ0Q7n7o5EPI8ZUj4XcqOBHXTEqUyhd32U9tLw9FgvvGPBsFKFoGADbCnrMzomGo91A5NYeJz8RCVTU4XVqY1TtyJIn31Owzv0nFji06NqW3uElxmhoiuSPRQrOHrgwLwCeQzSJYamxnybeX8IpMHaqNufr6ldB7VfX5a5b28DZc424mR2LG2ZD9cmNQ7bTh";s:11:"session_ids";a:2:{i:0;s:32:"ob4ju8l17m8nutss90asb29fur3lm1am";i:1;s:32:"038dmhk2db8cn4pjjabuig9js3j9o4jc";}s:16:"signin_timestamp";i:1480168969;s:20:"expiration_timestamp";i:1482760969;s:10:"ip_address";s:3:"::1";s:10:"user_agent";s:114:"Mozilla/5.0 (Windows NT 10.0; Win64; x64) AppleWebKit/537.36 (KHTML, like Gecko) Chrome/54.0.2840.99 Safari/537.36";}'),
(554, 115, 'remember_me_token', 'a:6:{s:5:"token";s:260:"XCzA7C9HlqJKXuMV31CaSWl5FwGX6mwozGy3EWhG3yn6QecY1nY3kNAega5hKrxWQi5O2NFtaGYBzSgNVAA6TIxkIEQjlmrSRs8cTjLqPHID8b6qvLicnpOD0l6ddRcDeiFjeorZzHx2slnDF1jyHqYjnUw5bKRakohsZ7EvbPD4T7FL4uZ2tuGUPxWCNKQ7O0OgB4Z2vaTIm018JYgvJKAgRk0UEIVcdpufwMSmk89vVTOV5bLyR9dNtufo0f3ZBbQ9";s:11:"session_ids";a:1:{i:0;s:32:"038dmhk2db8cn4pjjabuig9js3j9o4jc";}s:16:"signin_timestamp";i:1480171670;s:20:"expiration_timestamp";i:1482763670;s:10:"ip_address";s:3:"::1";s:10:"user_agent";s:114:"Mozilla/5.0 (Windows NT 10.0; Win64; x64) AppleWebKit/537.36 (KHTML, like Gecko) Chrome/54.0.2840.99 Safari/537.36";}');

-- --------------------------------------------------------

--
-- Table structure for table `users`
--

DROP TABLE IF EXISTS `users`;
CREATE TABLE IF NOT EXISTS `users` (
  `id` bigint(20) NOT NULL AUTO_INCREMENT,
  `full_name` varchar(255) COLLATE utf8mb4_unicode_520_ci NOT NULL,
  `username` varchar(255) COLLATE utf8mb4_unicode_520_ci NOT NULL,
  `password` varchar(255) COLLATE utf8mb4_unicode_520_ci NOT NULL,
  `email` varchar(255) COLLATE utf8mb4_unicode_520_ci NOT NULL,
  `phone` varchar(255) COLLATE utf8mb4_unicode_520_ci NOT NULL,
  `address` varchar(255) COLLATE utf8mb4_unicode_520_ci NOT NULL,
  `registered_on` int(10) UNSIGNED NOT NULL DEFAULT '0',
  `status` varchar(50) COLLATE utf8mb4_unicode_520_ci NOT NULL DEFAULT 'unconfirmed',
  PRIMARY KEY (`id`)
) ENGINE=MyISAM AUTO_INCREMENT=163 DEFAULT CHARSET=utf8mb4 COLLATE=utf8mb4_unicode_520_ci;

--
-- Dumping data for table `users`
--

INSERT INTO `users` (`id`, `full_name`, `username`, `password`, `email`, `phone`, `address`, `registered_on`, `status`) VALUES
(1, 'Sharen Pennywell', 'inventos', '', 'inventos.dream@gmail.com', '(583) 670-8252', '642 St Paul Court \r\nMaplewood, NJ 07040', 0, 'banned'),
(2, 'Lowell Antley', 'deveggs', '', 'deveggs.2009@gmail.com', '(934) 657-2915', '404 Shore Drive \r\nSmyrna, GA 30080', 0, 'confirmed'),
(3, 'Wynona Netter', 'marveltonight', '', 'marveltonight@gmail.com', '(233) 934-8610', '497 West Rockaway Street \nPleasanton, CA 94566', 0, 'unconfirmed'),
(4, 'Janis Prichett', 'cooldads', '', 'cooldads@gmail.com', '(455) 190-1379', '8617 Wild Rose Street \r\n, MD 20747', 0, 'unconfirmed'),
(5, 'Lorrie Noblitt', 'fridaymosh', '', 'fridaymosh@yahoo.com', '(164) 835-4181', '197 NE. Wall St. \nRidgecrest, CA 93555', 0, 'verified'),
(6, 'Dewey Summitt', 'sinthersiser', '', 'sinthersiser@ymail.com', '(315) 937-6579', '9958 Pierce Lane \nKlamath Falls, OR 97603', 0, 'confirmed'),
(7, 'Novella Mcilrath', 'devbitesuk', '', 'devbitesuk@gmail.com', '(293) 864-9181', '227 W. Augusta Lane \r\n, SC 29464', 1472083200, 'deleted'),
(8, 'Robbin Fosdick', 'romalinkon', '', 'romalinkon.2010@gmail.com', '(254) 191-7118', '1 Court St. \nRocky Mount, NC 27804', 0, 'confirmed'),
(10, 'Kristine Cantara', 'vichnick', '', 'vichnick.patriota@gmail.com', '(696) 730-7519', '344 Central Ave. \r\nNorth Brunswick, NJ 08902', 0, 'verified'),
(9, 'Kareen Starns', 'billiecartor', '', 'billiecartor@gmail.com', '(912) 921-4893', '55 Lake Forest Street \nButler, PA 16001', 1472515200, 'unconfirmed'),
(11, 'Bradley Hoda', 'casandra', '', 'casandra.harlos@gmail.com', '(597) 228-6645', '9998 Evergreen St. \nMiddletown, CT 06457', 1472428800, 'unconfirmed'),
(12, 'Camie Luton', 'simonsinek', '', 'simon.sinek@gmail.com', '(875) 405-4162', '869 8th St.  Seattle, WA 98144', 1471824000, 'unconfirmed'),
(13, 'Lisette Jarrells', 'stoneracks', '', 'stoneracks@gmail.com', '(818) 365-9259', '8067 S. Foster Ave. \r\nToledo, OH 43612', 1471737600, 'confirmed'),
(14, 'Edmund Felice', 'maxmillano', '', 'maxmillano@aov.com', '(193) 158-8828', '68 Fifth Drive  Augusta, GA 30906', 0, 'banned'),
(15, 'Eddie Sanabria', 'positivesaga', '', 'positive.saga@gmail.com', '(666) 113-9449', '8175 Illinois Ave.  Peabody, MA 01960', 1472083200, 'unconfirmed'),
(16, 'Signe Fine', 'pandoraboxie', '', 'pandoraboxxie@gmail.com', '(498) 789-0965', '9540 Glenholme Ave. \r\nMobile, AL 36605', 0, 'confirmed'),
(17, 'Damon Martell', 'castrellemo', '', 'castrellemo@gmail.com', '(379) 397-4214', '9 Colonial Drive  Scotch Plains, NJ 07076', 0, 'unconfirmed'),
(18, 'Stanford Vantassel', 'novadirect', '', 'nova.direct@gmail.com', '(387) 291-3864', '36 Jones Lane  Tampa, FL 33604', 0, 'confirmed'),
(19, 'Jenifer Hesson', 'binorbamichelle', '', 'binorba.michelle@gmail.com', '(432) 304-1623', '569 Spruce Street  Bergenfield, NJ 07621', 0, 'banned'),
(20, 'Silvia Tillery', 'seybosporos', '', 'seybosporos@gmail.com', '(147) 838-4529', '7360 Cactus Lane  Roy, UT 84067', 0, 'unconfirmed'),
(21, 'Deja Yonker', 'sayonoka', '', 'sayonoka.hansak@gmail.com', '(501) 792-8203', '6 Briarwood Dr.  Olympia, WA 98512', 0, 'unconfirmed'),
(22, 'Charles Brumsey', 'samora2011', '', 'samora2011@yahoo.com', '(259) 599-9749', '647 N. Campfire Ave.  Riverdale, GA 30274', 0, 'verified'),
(23, 'Olevia Alspaugh', 'sunsiarmiloka', '', 'sunsiar.miloka@gmail.com', '(264) 582-4017', '9453 Sunset Drive  Leesburg, VA 20175', 0, 'confirmed'),
(24, 'Emory Dozal', 'belmakasyria', '', 'belmaka.syria@gmail.com', '(167) 291-3991', '759 Randall Mill St.  Manahawkin, NJ 08050', 0, 'unconfirmed'),
(25, 'Anjelica Tirado', 'benqeerasa', '', 'benqee@ymail.com', '(237) 815-2596', '199 Westport St.  Honolulu, HI 96815', 0, 'unconfirmed'),
(26, 'Tresa Pierpont', 'antoniyolupteq', '', 'antoniyo@ymail.com', '(215) 610-1280', '35 Cleveland Drive  Lorain, OH 44052', 0, 'unconfirmed'),
(27, 'Veola Reimer', 'silincamabas', '', 'silinca.mabas@gmail.com', '(110) 871-8747', '717 Tailwater St. \r\nLinden, NJ 07036', 0, 'verified'),
(28, 'Sigrid Frame', 'pabolos78', '', 'pabolos.elpestio@gmail.com', '(798) 239-9608', '7015 Spruce St. \nFlemington, NJ 08822', 0, 'unconfirmed'),
(29, 'Dawn Etherton', 'srodrigour', '', 'sans.rodrigour@gmail.com', '(325) 132-8546', '8566 Hamilton St.  Chardon, OH 44024', 0, 'unconfirmed'),
(30, 'Veronica Vigue', 'methmeck', '', 'methmeck.marwel@gmail.com', '(518) 487-0713', '45 Aspen St.  Westbury, NY 11590', 0, 'banned'),
(31, 'Ozie Marson', 'zeoltown2014', '', 'zeoltown.2014@gmail.com', '(725) 289-0279', '33 Railroad Ave.  Enterprise, AL 36330', 0, 'unconfirmed'),
(32, 'Gracia Milano', 'droidsansop', '', 'droidsans@gmail.com', '(910) 927-4126', '881 Lawrence St.  Hope Mills, NC 28348', 0, 'unconfirmed'),
(33, 'Risa Levering', 'holeofsandra', '', 'holeofsandra@gmail.com', '(508) 465-0867', '936 Manor Rd.  Dover, NH 03820', 0, 'verified'),
(34, 'Alona Sweat', 'micheldeyego', '', 'micheldeyegorsa@ymail.com', '(810) 584-0416', '32 Beech Lane  Taylor, MI 48180', 1472515200, 'verified'),
(35, 'Khalilah Weimer', 'dominicboras', '', 'dominicborasca@gmail.com', '(951) 681-0012', '88 Leatherwood Lane  Kernersville, NC 27284', 1472515200, 'unconfirmed'),
(36, 'Mila Mau', 'sanfestiobopo', '', 'sanfestio.bopolo@gmail.com', '(363) 178-4652', '940 Buttonwood Rd.  Springfield Gardens, NY 11413', 0, 'unconfirmed'),
(37, 'Lane Cawthorne', 'bahamasedge', '', 'bahamas.seaedge@aol.com', '(497) 314-0078', '674 George St.  Fayetteville, NC 28303', 1472428800, 'confirmed'),
(38, 'Kirk Crites', 'siyenthorozoa', '', 'siyentho.pebolo@gmail.com', '(839) 715-8365', '8772 Berkshire Drive  Drexel Hill, PA 19026', 1472428800, 'unconfirmed'),
(39, 'Eden Huggins', 'belkinboraq', '', 'belkin.boraq@hotmail.com', '(260) 477-8546', '45 N. Hill Ave.  Front Royal, VA 22630', 1472428800, 'confirmed'),
(40, 'Ara Englert', 'sonicroma88', '', 'sonic.roma@gmail.com', '(177) 999-5251', '688 Miles Street  Bensalem, PA 19020', 0, 'unconfirmed'),
(41, 'Jere Southers', 'mafiaensure', '', 'mafiaensure@gmail.com', '(889) 989-8759', '201 S. Charles Drive  Jacksonville, NC 28540', 0, 'unconfirmed'),
(42, 'Kandy Walls', 'stockma90', '', 'stockma@gmail.com', '(235) 583-4653', '7318 Grant Drive  Front Royal, VA 22630', 1472428800, 'confirmed'),
(43, 'Tyrone Averill', 'labrinthas', '', 'labrinth@gmail.com', '(348) 249-0109', '101 Bayport Rd.  Trenton, NJ 08610', 1472342400, 'verified'),
(44, 'Anna Crochet', 'nescarbayaria', '', 'nescarbayaria@gmail.com', '(817) 670-6419', '76 Market Road \nPawtucket, RI 02860', 1472428800, 'verified'),
(45, 'Catrice Rigdon', 'kohana86', '', 'kohana@gmail.com', '(449) 610-4425', '76 Vine Drive  Dalton, GA 30721', 1474003406, 'unconfirmed'),
(46, 'Blythe Crafts', 'santhosamal', '', 'santhosa@gmail.com', '(486) 708-0736', '357 Virginia Rd.  Pensacola, FL 32503', 1458604800, 'confirmed'),
(47, 'Enda Stlawrence', 'tarabepos', '', 'tarabepos@gmail.com', '(802) 404-7280', '75 Valley Avenue  Powhatan, VA 23139', 1472273650, 'confirmed'),
(48, 'Regenia Joslin', 'camaron89', '', 'camaron@gmail.com', '(555) 942-5283', '109 Hilldale St.  Morgantown, WV 26508', 1472273650, 'confirmed'),
(49, 'Kellie Abad', 'kimdotcom', '', 'kimdotcom@gmail.com', '(386) 888-2437', '43 West Albany Ave.  Valparaiso, IN 46383', 1472273650, 'unconfirmed'),
(50, 'Terrie Chartier', 'saharazone', '', 'sahara.zone@gmail.com', '(410) 602-8169', '9205 Railroad Avenue  Douglasville, GA 30134', 1472273806, 'verified'),
(51, 'Rocco Taliaferro', 'droidmsms', '', 'droidm@gmail.com', '(811) 778-1663', '79 Glendale Lane  Dacula, GA 30019', 1472282366, 'unconfirmed'),
(52, 'Milan Weston', 'pebbles91', '', 'pebbles@gmail.com', '(257) 918-5930', '630 Forest Street  Amsterdam, NY 12010', 1472440184, 'unconfirmed'),
(53, 'Roslyn Harriston', 'leebramlow', '', 'leebramlow@gmail.com', '(248) 505-6287', '39 Hall Street  Milledgeville, GA 31061', 1472533300, 'confirmed'),
(54, 'Tonette Zemlicka', 'reddevil', '', 'reddevil@gmail.com', '(570) 259-4993', '306 Foxrun Ave.  Conyers, GA 30012', 1472533377, 'unconfirmed'),
(55, 'Etsuko Philson', 'samriona', '', 'sam.rio@gmail.com', '(395) 278-0183', '7179 S. Willow Dr.  Tampa, FL 33604', 1472611787, 'verified'),
(56, 'Charisse Kelton', 'tandroora', '', 'tandroo@ymail.com', '(385) 632-4629', '14 NE. East St.  Menasha, WI 54952', 1472613729, 'unconfirmed'),
(57, 'Norah Manalo', 'labromapes', '', 'labroma@gmail.com', '(193) 369-7820', '768 Carriage Drive  Ladson, SC 29456', 1472613795, 'confirmed'),
(58, 'Arnulfo Gobble', 'dareslimomi', '', 'dareslimo@gmail.com', '(957) 745-5310', '7180 Green Lake Street  Howell, NJ 07731', 1472615537, 'banned'),
(59, 'Lavern Kilgo', 'elpastinoma', '', 'elpastino@gmail.com', '(763) 510-0625', '2 Brickell St.  Harrisburg, PA 17109', 1472618453, 'unconfirmed'),
(60, 'Missy Schenkel', 'kolakube', '', 'kolakube@gmail.com', '(379) 359-6223', '9021 Alderwood Lane  Clifton Park, NY 12065', 1472619191, 'unconfirmed'),
(61, 'Dorthea Schilke', 'belarulze', '', 'belarulze@gmail.com', '(327) 998-8506', '18 Anderson Street  Plattsburgh, NY 12901', 1472619478, 'unconfirmed'),
(62, 'Judie Maday', 'elpesso', '', 'elpesso@gmail.com', '(580) 980-8301', '7 Gates Court  Kaukauna, WI 54130', 1472619536, 'verified'),
(63, 'Viviana Tamura', 'DistrilleR', '$2y$10$tTIbZRB2X4Pki8Y1FIoTQuKxOay0/mMrWWyt3oo4xiXpHQ7jli7RG', 'distriller@gmail.com', '(535) 380-9838', '208 Virginia Street  Kokomo, IN 46901', 1472620220, 'unconfirmed'),
(64, 'Laurena Poage', 'elsaminocs', '', 'elsamino@gmail.com', '(913) 666-3181', '975 Brown Street  Gainesville, VA 20155', 1472620451, 'unconfirmed'),
(65, 'Darcy Burry', 'dreakhiphop', '', 'dreakhiphop@ymail.com', '(421) 228-7853', '63 Harvey Street  Addison, IL 60101', 1472620566, 'confirmed'),
(66, 'Jerrod Turner', 'seyolka', '', 'seyolka@gmail.com', '(235) 151-0304', '800 Country St.  Glendale, AZ 85302', 1472621592, 'unconfirmed'),
(67, 'Stephany Hafner', 'elbruseska', '', 'elbruseska@gmail.com', '(558) 974-7120', '941 Briarwood Drive  Simpsonville, SC 29680', 1472621678, 'unconfirmed'),
(68, 'Marivel Doss', 'droiddna', '', 'droiddna@gmail.com', '(805) 273-8517', '26 Devonshire Drive  Feasterville Trevose, PA 19053', 1472650259, 'verified'),
(69, 'Ashely Blackstone', 'droiddnas', '', 'droiddnas@gmail.com', '(334) 654-1432', '71 Sheffield Road  Hendersonville, NC 28792', 1472650316, 'unconfirmed'),
(70, 'Mr. Verified', 'mrverified', '$2y$10$8yKan2fTxfze3XTtjNOQwuygHmNsKJ9oVV0/w1uCjp3n2VchcZZMq', 'mrverified@gmail.com', '(195) 413-8077', '8298 Alton Ave.  Bergenfield, NJ 07621', 1472650480, 'verified'),
(71, 'Latoya Eutsler', '	 techdyno', '', 'techdyno@gmail.com', '(656) 315-3438', '836 East Walt Whitman Street  Rockford, MI 49341', 1472660144, 'unconfirmed'),
(72, 'Tama Nipper', 'techbuff', '', 'techbuff@gmail.com', '(874) 120-8565', '7433 New Drive  Port Chester, NY 10573', 1472660368, 'confirmed'),
(73, 'Santana Friese', 'bootsred', '', 'boots.red@gmail.com', '(403) 191-1964', '9998 Rose Road  Sanford, NC 27330', 1472668865, 'unconfirmed'),
(74, 'Li Jurgens', 'aromascade', '', 'aromacascade@gmail.com', '(181) 346-3307', '9320 West Illinois St.  Kalispell, MT 59901', 1472800769, 'unconfirmed'),
(75, 'Mr. Banned', 'mrbanned', '$2y$10$C4l.z120ES4/MaWJgBFNDOeSIEaMnqAshXq6638KY07zBAQLmwjtS', 'mrbanned@gmail.com', '(972) 308-4429', '22 North Hilltop St.  Clarkston, MI 48348', 1472800834, 'banned'),
(76, 'Mireya Conrad', 'expressoli', '', 'expresso@yahoo.com', '(388) 597-6720', '114 Buckingham St.  Council Bluffs, IA 51501', 1472808119, 'unconfirmed'),
(77, 'Sarita Maloof', 'dendrobium', '', 'dendrobium@hotmail.com', '(822) 906-5873', '92 Monroe Drive  Middle Village, NY 11379', 1472808187, 'confirmed'),
(78, 'Luna Cebula', 'kendomigo', '', 'kendo.grammar@aol.com', '(973) 395-3078', '40 Taylor Drive  Montgomery Village, MD 20886', 1472808337, 'unconfirmed'),
(79, 'Shaniqua Blanke', 'doramaheeq', '', 'doramaheeq.syria@gmail.com', '(414) 480-2858', '42 Honey Creek Street  Holbrook, NY 11741', 1472808763, 'confirmed'),
(80, 'Allyson Dalbey', 'seaulworld', '', 'seaul.world@apple.com', '(304) 450-3555', '758 Fremont St.  Port Charlotte, FL 33952', 1472835744, 'unconfirmed'),
(81, 'Mckenzie Fetter', 'dorathimayer', '', 'dorathimayer@gmail.com', '(769) 328-7221', '19 Fairway Ave.  Owensboro, KY 42301', 1472835936, 'confirmed'),
(82, 'Mckenzie Fetter', 'flexaxdesigns', '', 'flexax.designs@gmail.com', '(842) 449-2186', '32 N. Holly St.  Streamwood, IL 60107', 1472902313, 'confirmed'),
(83, 'Pok Graydon', 'dorbamanfan', '', 'dorbaman.breed@gmail.com', '(729) 523-1144', '7267 Union St.  Menomonee Falls, WI 53051', 1472965660, 'verified'),
(84, 'Junko Moon', 'draganofact', '', 'draganofact@gmail.com', '(168) 393-0849', '78 Mill Lane  Huntsville, AL 35803', 1472965722, 'confirmed'),
(85, 'Evelyne Barkman', 'pablobenrich', '', 'pablo.benrich@gmail.com', '(629) 395-2032', '9 West Pearl St.  Midland, MI 48640', 1472969943, 'verified'),
(86, 'Malvina Sealy', 'leomoranchi', '', 'leomoranchi@yahoo.com', '(854) 189-1732', '110 Acacia Street  Longwood, FL 32779', 1472970124, 'confirmed'),
(87, 'Mr. Confirmed', 'mrconfirmed', '$2y$10$.tcR3fF.MbMXJBB14peMYeWH4TmfcjQMgf4QyTXA8SZ6izzUQfkga', 'mrconfirmed@gmail.com', '(303) 201-0732', '275 West Pin Oak St.  Westland, MI 48185', 1472970182, 'confirmed'),
(88, 'Madison Nobile', 'yoastramsar', '', 'yoast.ramsar@netstarter.com', '(469) 413-7009', '924 NW. Bridgeton Lane  Jonesborough, TN 37659', 1472970336, 'unconfirmed'),
(89, 'Phung Laux', 'tramadolegra', '', 'tramado.legra@gmail.com', '(436) 397-1369', '9820 Manor Station Street  Lumberton, NC 28358', 1473302239, 'unconfirmed'),
(90, 'Athena Ikner', 'teptomaka', '', 'tepto.maka@gmail.com', '(336) 340-0112', '16 Cambridge Street  Tullahoma, TN 37388', 1473302251, 'verified'),
(91, 'Ebonie Shankle', 'borderswings', '', 'border.swings.peru@aol.com', '(901) 670-5993', '320 W. Oak Avenue  Hobart, IN 46342', 1473302270, 'unconfirmed'),
(92, 'Leana Tyrell', 'ringtonboblay', '', 'rington.boblay@hotmail.com', '(401) 347-3555', '8822 Brewery St.  Milwaukee, WI 53204', 1473302288, 'banned'),
(93, 'Keeley Brunette', 'nuategbrack', '', 'nuategbrack@leogram.org', '(889) 609-1764', '69 Deerfield St.  Perrysburg, OH 43551', 1473302329, 'banned'),
(94, 'Dottie Dahlin', 'reabalsonic', '', 'reabalsonic@apple.com', '(819) 848-9370', '735 Hartford Street  Plattsburgh, NY 12901', 1473302350, 'banned'),
(95, 'Regena Przybylski', 'benrichsans', '', 'benrich.rodrigoz@gmail.com', '(762) 650-4418', '7990 Riverview St.  Onalaska, WI 54650', 1473302371, 'unconfirmed'),
(96, 'Masako Esqueda', 'uropgrassia', '', 'uropgrassia@ymail.com', '(882) 332-1770', '9783 Union Street  Kearny, NJ 07032', 1473302396, 'verified'),
(97, 'Floyd Corrigan', 'nebraskabia', '', 'nebraskabolovia@outlook.com', '(344) 363-3859', '891 East Belmont Drive  King Of Prussia, PA 19406', 1473302419, 'unconfirmed'),
(98, 'June Ovitt', 'baytownguy', '', 'baytown.montana@gmail.com', '(545) 779-3162', '932 James St.  Pewaukee, WI 53072', 1473302438, 'unconfirmed'),
(99, 'Jeane Mater', 'leostudio', '', 'leostudio@gmail.com', '(303) 463-1442', '688 Shipley St.  Nazareth, PA 18064', 1473302966, 'confirmed'),
(100, 'Mandy Silberman', 'nikitamichelle', '', 'nikitamichelle@gmail.com', '(102) 159-8724', '550 Spruce Ave.  Honolulu, HI 96815', 1473303074, 'confirmed'),
(101, 'Lindy Defoor', 'belfone2014', '', 'belfone.2014@gmail.com', '(833) 523-0877', '40 Brandywine Dr. \r\nNorth Fort Myers, FL 33917', 1473573175, 'unconfirmed'),
(102, 'Kassie Lafrance', 'seoalbayarea', '', 'seoalbayarea@outlook.com', '(890) 847-4897', '244 Forest St. \r\nPalm Coast, FL 32137', 1473578125, 'unconfirmed'),
(103, 'Lamont Novick', 'tabloidleaf', '', 'tabloidleaf@yahoo.com', '(387) 915-4373', '920 Oak Meadow Road \r\nWilliamsburg, VA 23185', 1473578637, 'confirmed'),
(104, 'Halina Charity', 'salsabelish', '', 'salsa.belish@hotmail.com', '(912) 463-2060', '26 N. Mulberry Drive \r\nJupiter, FL 33458', 1473916151, 'banned'),
(105, 'Tatyana Analimi', '	 tatyanalimi', '', 'tatyana.linnashey@gmail.com', ' (800) 592-4818', '721 East Gregory St. \r\nGlen Allen, VA 23059', 1473916225, 'unconfirmed'),
(106, 'Joel D. Balzer', 'seosamurai', '', 'seosamurai@gmail.com', '(297) 188-1274', '719 Livingston Street \r\nSaint Paul, MN 55104', 1473916287, 'confirmed'),
(107, 'Elmabo Basma', 'elraskabasma', '', 'elraskabasma@hotmail.com', '(521) 298-6282', '9892 Lyme Dr. \r\nDavison, MI 48423', 1473935211, 'unconfirmed'),
(108, 'Dominico Patric', 'dominicpat79', '', 'dominic.patriosam@gmail.com', '(401) 747-9719', '224 Randall Mill St. \r\nBrainerd, MN 56401', 1473935658, 'verified'),
(109, 'Mira Sankir', 'sankmoster', '', 'sankmosterer@gmail.com', '(237) 533-1070', '623 E. Maiden Avenue \r\nConway, SC 29526', 1473935836, 'verified'),
(110, 'Samaya Rodrigou', 'samayapie', '', 'samaya.rodrigou@gmail.com', '(659) 395-7569', '5 Joy Ridge Street \r\nAnn Arbor, MI 48103', 1473935932, 'confirmed'),
(111, 'Taylor Willon 🐉 🐙', 'taylorwillon', '', 'taylor@webtechgadgetry.com', '(459) 278-5632', '47 Fremont St. \r\nDurham, NC 27703', 1473936018, 'banned'),
(112, 'Den Harshs', 'denharsh', '', 'denharsh@gmail.com', '(859) 223-7015', '5 Fairway St. \r\nHamilton, OH 45011', 1473936066, 'unconfirmed'),
(113, 'Simon Baker', 'simonbaker', '', 'simonbaker2015@gmail.com', '(853) 979-2065', '95 Riverside St. \r\nOakland Gardens, NY 11364', 1474003406, 'confirmed'),
(114, '💋 👊🏾 Kassie Defoors', 'Defoors', '', 'kassie.defoor@gmail.com', '(676) 199-7666', '9015 Nut Swamp Street \r\nDothan, AL 36301', 1474036579, 'banned'),
(115, 'Mr. Blueshield 😎', 'Blueshield', '$2y$10$aSdtjq3UfKNanHPT/0GQXe3MhgLZzoYPIx1NZSmiM5F/a2ZlXki0W', 'scriptseries.com@gmail.com', '(678) 198-7636', '891 East Belmont Drive King Of Prussia, PA 19402', 1474131009, 'confirmed'),
(116, 'Mr. Unconfirmed 👦🏼👳🏻', 'mrunconfirmed', '$2y$10$rrKjQ3nGh4Laq5K6S41PBOvW1GNFJ/bzwi2qbe96V1kdtk2t.HiK2', 'mrunconfirmed@gmail.com', '(548) 134-9856', '428 County Rd #54, Stevenson, AL, 35772', 1475777891, 'unconfirmed'),
(117, '👹 Sasha Belensa', 'sashab', '$2y$10$t3wT9sB8UNpk/g2divqg1O8KqC8Z0U3.CseeZbheSOQX5dmlIdz6.', 'sasha.belensa@gmail.com', '(628) 118-7654', '11052 Heritage Green Dr, Cornelius, NC, 28031', 1476069362, 'verified'),
(118, '', '', '$2y$10$f8cG9W4lE4bP45l132ldmuzirH6un.TBR0YDQs5Niq9dBkj2nHWse', 'masha@gmail.com', '', '', 1476073227, 'deleted'),
(119, '', '', '$2y$10$PulKXNFcZtKBXoxF.bkeBucJAkJpSAx/eKy33/G0ugNrCaZBOrzNC', 'losha@gmail.com', '', '', 1476075525, 'deleted'),
(120, '', '', '$2y$10$1Srqbe7/dVdJIkuWImt4SOJ3BBfS061DoCGvh5pbwtxLDGe0tUaFa', 'nasha@gmail.com', '', '', 1476075629, 'deleted'),
(121, '', '', '$2y$10$AnmzZZWuQ6iCPTYH6fUv9u3D7VPTthzr0hGR6/I8fqckfoxf8OhCi', 'yosha@gmail.com', '', '', 1476075670, 'deleted'),
(122, '', '', '$2y$10$j4BXrHvwet75zggmnUz6OOd5qPP/yU7abm3isFwvLFSggmOznVT3a', 'yasha@gmail.com', '', '', 1476082218, 'deleted'),
(123, '', '', '$2y$10$Kc1hgXk3G98j3QFxS4iWu./4DXOX2zI2s3nBjH0Ay5cvXMR7foaYG', 'pasha@gmail.com', '', '', 1476082264, 'deleted'),
(124, '', 'gosha', '$2y$10$FH4YzPZwwpdWY8e01ynDxebHt.Gp2KHipOS3kHVcbS3gohahL.k4e', 'gosha@gmail.com', '', '', 1476082532, 'deleted'),
(125, '', '', '$2y$10$NwgASFVcgUPZM1kz2VfQA.qSGr5e.szgslw2wiv0gyCfJKsdyI.dC', 'zosha@gmail.com', '', '', 1476082956, 'deleted'),
(126, '', '', '$2y$10$pKCyhgp7W1E6WS.eKbUn2uiwJrf.GKsjlFV7Egy.gXkhIaDKqueKC', 'bosha@gmail.com', '', '', 1476083020, 'deleted'),
(127, '', '', '$2y$10$AEAQqN3DqkdiPNIhX32EKujOHcPIBjewVX8mtgtTZvlBYvKLoSg/i', 'usha@gmail.com', '', '', 1476083095, 'deleted'),
(128, '', '', '$2y$10$NDa/zT9JGd/VB.VqBUYiUuoJ8PDBPqIgmUVxAgcfKEtt/ze/T6mwy', 'wosha@gmail.com', '', '', 1476083704, 'deleted'),
(129, '', '', '$2y$10$HeCOf.jOzi0/y5ovAaCH/evTEiUWYYAFEzAQOQcrTlbNO/VsAltm.', 'hosha@gmail.com', '', '', 1476083780, 'deleted'),
(130, '', '', '$2y$10$o7.YKsAOtRdjveHsoUH9yeBM1Lx/8pE1xcGSCxKO5ZNkEvff2bscq', 'tosha@gmail.com', '', '', 1476084138, 'deleted'),
(131, '', '', '$2y$10$YKpf7Snjaq8nI4ZSyJWnZOLRffjnHh5KBZQtZ9XsE8Wh2HS/xAwGS', 'romaso@gmail.com', '', '', 1476424058, 'deleted'),
(132, '', '', '$2y$10$XJxJle9IIT3Q5XIYgYL5aua1S6f18ZSEHFuqWlgj9zgvhM0TkEXdO', 'bashinof@gmail.com', '', '', 1476424348, 'deleted'),
(133, '', '', '$2y$10$CMgrWN45mpWRFmF5IWRjBOJoEN1jUIwBfCwIyQDX/IRF3ek93R8Ou', 'lashame@gmail.com', '', '', 1476459426, 'deleted'),
(134, '', '', '$2y$10$.0kTZb.CRE8iYIFus976sOmaqjDMyPGLVHIu.ORLUG4y7apVr77vi', 'romasha@gmail.com', '', '', 1476459603, 'deleted'),
(135, '', '', '$2y$10$8HZgd8vyOPV64b8brfz2reLoHZ7LYR.0nEDzljke93Ds9vJQPqD8.', 'holasma@gmail.com', '', '', 1476459747, 'deleted'),
(136, '', '', '$2y$10$r75uQqTNKM5ahCXr.JCBK.WckhHWv/C/QQJtHgLVLWIrMio/Ybjxe', 'jelomasc@gmail.com', '', '', 1476463487, 'deleted'),
(150, '', 'Marlon69', '$2y$10$E9No0e8Jrf1/uVuUbSrye.RTkA2GunVMbiitGQOMPALTrtbnF25jW', 'distrilleasfdr@gmail.com', '', '', 1478603362, 'deleted'),
(137, '', '', '$2y$10$/CBrp89ZsoFj6.6nyYAEge5EzF0ThlMCpqTgFxRoXXAHlY0BSqgCu', 'larenkova@gmail.com', '', '', 1476531817, 'deleted'),
(138, '', '', '$2y$10$bIZxNXbETnyCnudfLmfry.Y..zYbRclJcs9qpEbiAqlIdYbmTsfji', 'morash@gmail.com', '', '', 1476531898, 'deleted'),
(139, '', '', '$2y$10$yzxXzy05ASaPeaBiTwb1MOq33ixqnsIafXxcqV4LzIY/iaET2wK1y', 'nomalokasa@ymail.com', '', '', 1476532155, 'deleted'),
(140, '', '', '$2y$10$m659XJD7QnQyJOtnHhxfTetxBaKycbdmyjZ38pafuh6eYOCG7Ni3m', 'dast@ymail.com', '', '', 1476941049, 'deleted'),
(141, 'adfadf afasdfasf', 'XZdfg', '$2y$10$Orxvzey5sIgA69X86kaFauEkrfFVwBGFxdl6zhydcQqOySa4fyIje', 'nastic@gmail.com', '', '', 1477112414, 'deleted'),
(142, '', '', '$2y$10$iZTTYJljmT0201Ucx6PeKOxXf2wK/g7gto44QXvD2CVqxZh7buLxa', 'razzer@gmail.com', '', '', 1477189424, 'deleted'),
(143, '', '', '$2y$10$GbtO3k222RGbl9D1c5GKOuF/8x54W7f6Bs9LGa4L0hFAW5DYeh.QO', 'ramalon@gmail.com', '', '', 1477844057, 'deleted'),
(144, '', '', '$2y$10$IeozMP/I69VMh/KeoP08Lu5zg.1fStkJI6YTMYtRJKfmK.nG.fFIu', 'samalon@gmail.com', '', '', 1477844288, 'deleted'),
(145, '', '', '$2y$10$gLdgBCFNBTqRE9iy1lNJdODJadVGeDQy8uayICZ9VHdMw.tPkvXgu', 'usmalon@gmail.com', '', '', 1477844389, 'deleted'),
(146, '', '', '$2y$10$d4cX8SGyc469ZI6YxvyepOpDML03W2DaAIaLP/ObfUDOzx7u6LWza', 'ukmalon@gmail.com', '', '', 1477844728, 'deleted'),
(147, '', '', '$2y$10$LGQ1VVF9I.mvMzYxLtR0V.YJxv2CQf4n2FCJbWAhPmkU.52YaRiR.', 'smohsa@gmail.com', '', '', 1477971161, 'deleted'),
(148, '', 'Admin', '$2y$10$MhLYI/CIBP697hwpLqct/ujWv1A5w5NOFFQlKpkjRspHLRaxbUT/S', 'afsaf@lf.com', '', '', 1478233162, 'deleted'),
(149, '', '', '$2y$10$qb10P3KeCZb17SphS7Pju.Wr1JlrtWNbRqMlGX.oMfwSz6bruzGfi', 'admin@admin.com', '', '', 1478233359, 'deleted'),
(151, '', '', '$2y$10$Ftx0B1FLBpQo.UuoKtCYK.1plzfYLhBb5RQn1xXC5ORkmWLz8oLTi', 'eagiupt@mvrht.com', '', '', 1478748753, 'deleted'),
(152, '', '', '$2y$10$Gm7RJlAb0BwzK13bigjK8e0IV7C7mgEv1StdGs20jz.gKn4CfnT3W', 'perons.decapro@gmail.com', '', '', 1478748837, 'deleted'),
(153, '', '', '$2y$10$6Ftj9L2N/mcQKS0KIpQDNOwTCyhOfwHVd2DL5hEzJ3yQwsCt9LeWm', 'dullsbay@ymail.com', '', '', 1478749191, 'deleted'),
(154, '', '', '$2y$10$mMgG1Q9KFHEefR3bMSeTKOlCKGTsCTO3HjO1jwkyGZH268qLSMmye', 'goldshelby@aol.com', '', '', 1478749676, 'deleted'),
(155, '', '', '$2y$10$.FSLPGrJS/Vfc2JS52BkieFQsg7hoYxBNjleex9DuEKzSj9SIeNgy', 'jarvis.pesro@gmail.com', '', '', 1478837927, 'deleted'),
(156, '', '', '$2y$10$U9sA9IsEeOgW0GGfIyDfyec7qQZz.bLneg.KRi6bXF/MRphgAdHtm', 'pelrav.risl@gmail.com', '', '', 1478840680, 'deleted'),
(157, '', '', '$2y$10$mlAVLj6iMaT6.x5Alewby.Acf/Ajx4e5Gq6AIXrzhIMugxHUimdA6', 'navroak@gmail.com', '', '', 1478859584, 'deleted'),
(158, '💪🏼 Asana Michinick', 'AsanaMrisk', '$2y$10$Vys27SO2sLmGjKRNWbYG8e78m8nVpL6Eb7rjWfGrncvyZ9wo48Qm2', 'asana@gmail.com', '', '', 1479382630, 'deleted'),
(159, '', '', '$2y$10$aT.zPbfDXN3bdxmX9l1wHeQVsmpxO006AMbc3HRW0jIEvGYOuSKbG', 'yoma.seyonthe@gmail.com', '', '', 1479530886, 'deleted'),
(160, '', '', '$2y$10$pvRZMqJNIU39UvybUlApqO9veaj7Wz8RwofOGeETaLTFj5NdAvbDC', 'trump.jthompson@gmail.com', '', '', 1479531281, 'deleted'),
(161, '', '', '$2y$10$2rnNv.2ya9lNkEKK4UcRsOlk4gsozf76Aj5I4t9jLh50h2ac3NJIK', 'pathreko.leyece@gmail.com', '', '', 1479531363, 'deleted'),
(162, '', '', '$2y$10$MXVjyO/yGf68WEaLcEBkW.Iy2GoeqF9rkxL4gj7wqMeWNGu..AqqG', 'miranchiron@ymail.com', '', '', 1479532399, 'deleted');

/*!40101 SET CHARACTER_SET_CLIENT=@OLD_CHARACTER_SET_CLIENT */;
/*!40101 SET CHARACTER_SET_RESULTS=@OLD_CHARACTER_SET_RESULTS */;
/*!40101 SET COLLATION_CONNECTION=@OLD_COLLATION_CONNECTION */;
